aid,name
1880,"M. Ahlskog, J. Paloheimo, H. Stubb, P. Dyreklev, M. Fahlman, O."
1882,"M. Ahlskog, J. Paloheimo, H. Stubb, P. Dyreklev, M. Fahlman, O. Inganas and M.R.   Andersson,"
1884,"M. Ahlskog, J. Paloheimo, H. Stubb, P. Dyreklev, M. Fahlman, O.  Inganas and M.R.  Andersson,"
1886,"M. Ahlskog, J. Paloheimo, H. Stubb, P. Dyreklev, M. Fahlman, O. Inganas and M.R. Andersson,"
1888,"M. Ahlskog, J. Paloheimo, H. Stubb, P. Dyreklev, M. Fahlman, O.  Inganas and M.R. Andersson,"
1890,"M. Ahlskog, J. Paloheimo, H. Stubb, P. Dyreklev, M. Fahlman, O. Inganas and M.R. Andersson,"
1892,"M. Ahlskog, J. Paloheimo, H. Stubb, P. Dyreklev, M. Fahlman, O. Inganas and M.R. Andersson,"
1894,"M. Ahlskog, J. Paloheimo, H. Stubb, P. Dyreklev, M. Fahlman, O. Inganas and M.R. Andersson,"
1896,C. Ray Asfahl.
1898,Steve Benford and Lennart E. Fahlen.
1900,"Benford, S., and Fahln, L."
1902,"Benford, S., Bowers, J., Fahln, L., Greenhalgh, C., and Snowdon, D.,"
1904,"Benford, S., Bowers, J., Fahlen, L.E., Greenhalgh, C., Snowdon, D."
1906,"Benford, S., Bowers, J., Fahlen, L.E., Greenhalgh, C., Snowdon, D."
1908,"Steve Benford, John Bowers, Lennart Fahlen, Chris Greenhalg, John Mariani, and Tom Rodden."
1910,"Brown, D. F., Moura, H. & Watt, D. A."
1912,"Brown, D. F., Moura, H. & Watt, D. A."
1914,"D. F. Brown, H. Moura, and D. A. Watt. Actress:"
1916,"B. Buth, K.-H. Buth, M. Franzle, B. v. Karger, Y. Lakhneche, H. Langmaack, and M. Muller-Olm."
1918,"B. Buth et. al.,"
1920,"B. Buth et. al.,"
1922,"B. Buth et. al.,"
1924,"Bettina Buth, Karl-Heinz Buth, Martin Franzle, Burghard von Karger, Yassine Lakhneche, Hans Langmaack, and Markus Muller-Olm."
1926,"Conklin, J."
1928,"Cramer, N. L."
1930,"Daelemans, W., Van den Bosch, A., and Weijters, T."
1935,"Dempster, A., Laird, N., and Rubin, D."
1937,"Dempster, A., Laird, N., and Rubin, D."
1939,M. Dill and M.
1941,M. Dill and M.
1943,M. Dill and M.
1945,M. Dill and M.
1947,"Dutta, S. and Shekhar, S."
1949,M. Fahle and T. Poggio.
1951,"Fahle, M."
1953,"Fahle, M. W. and Edelman, S."
1955,M Fahle and S Edelman.
1957,"Fahle, M. & Edelman, S."
1959,"Fahle, M. & Edelman, S."
1961,"Fahle, M., Edelman, S., and Poggio, T."
1963,"Fahle, M., Edelman, S., and Poggio, T."
1965,"Fahle, M., Edelman, S., and Poggio, T."
1967,"Fahle, M., Edelman, S., & Poggio, T."
1969,"Fahle, M."
1971,"Fahle, M."
1973,"Lennart E. Fahlen, Charles Grant Brown, Olov Stahl, and Christer Carlsson."
1975,"Lennart E. Fahlen, Charles Grant Brown, Olov Stahl, and Christer Carlsson."
1977,"Lennart E. Fahlen, Charles Grant Brown, Olov Stahl, and Christer Carlsson."
1979,"Lennart E. Fahlen, Charles Grant Brown, Olov Stahl, and Christer Carlsson."
1981,"Lennart E. Fahlen, Charles Grant Brown, Olov Stahl, and Christer Carlsson."
1983,"S. Fahlman,"
1985,"S. Fahlman,"
1987,Scott Elliott Fahlman.
1989,Scott Elliott Fahlman.
1991,"Fahlman, S. E."
1993,"Fahlman, S.E."
1995,S. E. Fahlman.
1997,S. E. Fahlman.
1999,S.E. Fahlman.
2001,S Fahlman.
2003,S. F. Fahlman.
2005,S. E. Fahlman.
2007,Scott Elliott Fahlman.
2009,"Fahlman, S. E.,"
2011,S. E. Fahlman.
2013,"Fahlman, S."
2015,"Fahlman, S. E."
2017,"Fahlman, S. E."
2019,"Fahlman, S. E."
2021,"Fahlman, S. E."
2023,"Fahlman, S. E."
2025,"Fahlman, S. E.,"
2027,"Fahlman, S. E.,"
2029,"Fahlman, S. E.,"
2031,"Fahlman, S. E.,"
2033,"Fahlman, S. E.,"
2035,"Fahlman, S.E."
2037,Scott E. Fahlman.
2039,S. E. Fahlman.
2041,S.E. Fahlman.
2043,Scott E. Fahlman.
2045,Scott E. Fahlman.
2047,Scott E. Fahlman.
2049,"S. Fahlman,"
2051,Scott E. Fahlman.
2053,Scott E. Fahlman.
2055,S. Fahlman.
2057,Scott E Fahlman.
2059,"Fahlman, S.E.,"
2061,S. Fahlman.
2063,S. E. Fahlman.
2065,S.E. Fahlman.
2067,S.E. Fahlman.
2069,"S. Fahlman,"
2071,S. Fahlman.
2073,Scott E. Fahlman.
2075,Scott E. Fahlman.
2077,"Fahlman, S."
2079,"Fahlman S, Touretzky D and van Roggen W,"
2081,Scott E. Fahlman.
2083,"Fahlman, S. & Hinton, G."
2085,Scott E Fahlman and Geoffrey E Hinton.
2087,"Fahlman, S. and Hinton, G."
2089,"S. E. Fahlman,"
2091,"Fahlman, S."
2093,"Fahlman, S. E."
2095,"Fahlman, S. E."
2097,"Fahlman, S.E."
2099,"Fahlman, S.E."
2101,"Fahlman, S.E."
2103,"Fahlman, S.E."
2105,"Fahlman, S.E."
2107,"Fahlman, S.E."
2109,"Fahlman, S.E."
2111,S. Fahlman.
2113,S.E. Fahlman.
2115,S. E. Fahlman.
2117,Scott E. Fahlman.
2119,"Fahlman, S."
2121,"Fahlman, S."
2123,"Fahlman, S."
2125,"Fahlman, S. E."
2127,"Fahlman, S. E."
2129,S E Fahlman.
2131,S.E. Fahlman.
2133,"Fahlman, S. E."
2135,"S. Fahlmann,"
2137,"S. Fahlmann,"
2139,"S.E. Fahlman,"
2141,"Fahlman, S."
2143,S.E. Fahlman.
2145,"Scott E. Fahlman,"
2147,S. Fahlman.
2149,S. Fahlman.
2151,S. Fahlman.
2153,"S. E. Fahlman,"
2155,"S. E. Fahlman,"
2157,S. E. Fahlman.
2159,S. E.
2161,S. E.
2163,"Fahlman, S.E."
2165,"Scott Fahlman,"
2167,"S.E. Fahlman,"
2169,Scott E. Fahlman.
2171,Fahlman S. E.
2173,"Fahlman, S. E."
2175,"Fahlman, S. E."
2177,"Fahlman, S. E."
2179,"Fahlman, S. E."
2181,"Fahlman, S. E."
2183,"Fahlman, S. E."
2185,"Fahlman, S. E."
2187,"Fahlman, S. E."
2189,"Fahlman, S.E."
2191,"Fahlman, S.E."
2193,"Fahlman, Scott."
2195,"Fahlman, Scott."
2197,"Fahlman, Scott."
2199,"Fahlman, Scott."
2201,S. E. Fahlman.
2203,"Fahlman, S.E."
2205,"Fahlman, S.E."
2207,Scott E. Fahlman.
2209,S. Fahlman.
2211,"S. E. Fahlman,"
2213,"S. E. Fahlman,"
2215,S.E. Fahlman.
2217,"S. E. Fahlman,"
2219,Scott E. Fahlman.
2221,"S. E. Fahlman,"
2223,"S. E. Fahlman,"
2225,Scott E. Fahlman.
2227,Scott E. Fahlman.
2229,"Fahlman, S.:"
2231,S. E. Fahlman.
2233,S.E. Fahlman.
2235,"Fahlman, S.E."
2237,"S. Fahlman,"
2239,"S. E. Fahlman,"
2241,"Fahlman, S.E.,"
2243,S. E. Fahlman.
2245,Scott E. Fahlman.
2247,"S. E. Fahlman,"
2249,"Fahlman, Scott E."
2251,"Fahlman, Scott E.,"
2253,"Scott Fahlman,"
2255,"Scott Fahlman,"
2257,"Scott Fahlman,"
2259,"Fahlman, S.E. and Lebiere, C.,"
2261,S.E. Fahlman and C. Lebiere:
2263,S.E. Fahlman and C. Lebiere:
2265,"Fahlman, S. E. & Lebiere, C."
2267,"Fahlman, S. E. & Lebiere, C."
2269,"Fahlman, S. E. and Lebiere,C."
2271,"Fahlman, S. E. and Lebiere, C."
2273,"Fahlman, S. E. and Lebiere, C."
2275,"Fahlman, S. E. and Lebiere, C."
2277,"Fahlman, S. E. and Lebiere, C."
2279,"Fahlman, S. E., & Lebiere, C."
2281,"Fahlman, S. E., & Lebiere, C."
2283,"Fahlman, S. E., & Lebiere, C."
2285,"Fahlman, S., and Lebiere, C."
2287,"Fahlman, S., and Lebiere, C."
2289,S. E. Fahlman and C. Lebiere.
2291,"Fahlman S. E., Lebiere C.,"
2293,"Fahlman, S. and Lebiere, C."
2295,"S. E. Fahlman and C. Lebiere,"
2297,S. E. Fahlman and C. Lebiere.
2299,"S. E. Fahlman and C. Lebiere,"
2301,"Fahlman, S. and Lebiere, C."
2303,Scott E. Fahlman and Christian Lebiere.
2305,"Fahlman, S. E., and Lebiere, C."
2307,"Fahlman, S. E., and Lebiere, C."
2309,"Fahlman, S. E., and Lebiere, C."
2311,"Fahlman, S. E., and Lebiere, C."
2313,"Fahlman, S. E., and Lebiere, C."
2315,S.E. Fahlman and C. Lebiere.
2317,"S. E. Fahlman and C. Lebiere,"
2319,"S. E. Fahlman and C. Lebiere,"
2321,"Fahlman, S., Lebiere, C.:"
2323,"S. Fahlman and C. Lebiere,"
2325,"S. E. Fahlman and C. Lebiere,"
2327,"Fahlman, S. E. and Lebiere, C."
2329,"Fahlman, S. and Lebiere, C."
2331,"Fahlman, S. and Lebiere, C."
2333,Scott E. Fahlman and Christian Lebiere.
2335,S. E. Fahlman and Christian Lebiere.
2337,"S. Fahlman and C. Lebiere,"
2339,"Fahlman, S. and Lebiere, C."
2341,"Fahlman, S. and Lebiere, C."
2343,"Fahlman, S. and Lebiere, C."
2345,"S. Fahlman and C. Lebiere,"
2347,S.E. Fahlman and C. Lebiere.
2349,"Fahlman, S. and Lebiere, C."
2351,S. E. Fahlman and C. Lebiere.
2353,S. E. Fahlman and C. Lebiere.
2355,S. E. Fahlman and C. Lebiere.
2357,Scott E. Fahlman and Christian Lebiere.
2359,"Fahlman, S. E. & Lebiere, C."
2361,"Fahlman, Scott E., and Lebiere,"
2363,"Fahlman, S. E. and Lebiere, C.,"
2365,"Fahlman, S. E. and Lebiere, C.,"
2367,"S.E. Fahlman, C. Lebiere,"
2369,"S.E. Fahlman and C. Lebiere,"
2371,Scott E. Fahlman and Christian Lebiere.
2373,"Fahlman, S. & Lebiere, C."
2375,"Fahlman, S. & Lebiere, C."
2377,"Fahlman, S. & Lebiere, C."
2379,"Fahlman, S. & Lebiere, C."
2381,"Fahlman, S. & Lebiere, C."
2383,"Fahlman, S. & Lebiere, C."
2385,"Fahlman, S. & Lebiere, C."
2387,"Fahlman, S. & Lebiere, C."
2389,"Fahlman, S. & Lebiere, C."
2391,"Fahlman, S. & Lebiere, C."
2393,"Fahlman, S. & Lebiere, C."
2395,"Fahlman, S. & Lebiere, C."
2397,"Fahlman, S. E. & C."
2399,"Fahlman, S. E. & Lebiere, C."
2401,"Fahlman, S. E. & Lebiere, C."
2403,"Fahlman, S. E. & Lebiere, C."
2405,"Fahlman, S. E. & Lebiere, C."
2407,"Fahlman, S. E. & Lebiere, C."
2409,"Fahlman, S. E. & Lebiere, C."
2411,"Fahlman, S. E. & Lebiere, C."
2413,"Fahlman, S. E. & Lebiere, C."
2415,"Fahlman, S. E. and Lebiere, C."
2417,"Fahlman, S. E. and Lebiere, C."
2419,"Fahlman, S. E. and Lebiere, C."
2421,"Fahlman, S. E. and Lebiere, C."
2423,"Fahlman, S. E. and Lebiere, C."
2425,"Fahlman, S. E. and Lebiere, C."
2427,"Fahlman, S. E. and Lebiere, C."
2429,"Fahlman, S. E., & Lebiere, C."
2431,"Fahlman, S. E., & Lebiere, C."
2433,"Fahlman, S. E., & Lebiere, C."
2435,"Fahlman, S. E., & Lebiere, C."
2437,"Fahlman, S. E., & Lebiere, C."
2439,"Fahlman, S. E., & Lebiere, C."
2441,"Fahlman, S. E., & Lebiere, C."
2443,"Fahlman, S. E., & Lebiere, C."
2445,"Fahlman, S. E., & Lebiere, C."
2447,"Fahlman, S. E., & Lebiere, C."
2449,"Fahlman, S. E., and Lebiere, C."
2451,"Fahlman, S. E., and Lebiere, C."
2453,"Fahlman, S. E., and Lebiere, C."
2455,"Fahlman, S. E., and Lebiere, C."
2457,"Fahlman, S. E., and Lebiere, C."
2459,"Fahlman, S. E., and Lebiere, C."
2461,"Fahlman, S. E., and Lebiere, C."
2463,"Fahlman, S. and Lebiere C."
2465,"Fahlman, S. and Lebiere C."
2467,"Fahlman, S. and Lebiere C."
2469,"Fahlman, S. and C. Lebiere."
2471,"Fahlman, S. and Lebiere, C."
2473,"Fahlman, S. and Lebiere, C."
2475,"Fahlman, S., & Lebiere, C."
2477,"Fahlman, S., & Lebiere, C."
2479,"Fahlman, S., & Lebiere, C."
2481,"Fahlman, S., & Lebiere, C."
2483,"Fahlman, S., & Lebiere, C."
2485,"Fahlman, S., and Lebiere, C."
2487,"Fahlman, S., and Lebiere, C."
2489,"Fahlman, S., and Lebiere, C."
2491,"Fahlman, S.E. & Lebiere, C."
2493,"Fahlman, S.E. and Lebiere, C."
2495,"Fahlman, S.E. and Lebiere, C.,"
2497,"Fahlmann, S. E. and Lebiere, C."
2499,S. E. Fahlman & C. Lebiere.
2501,S. E. Fahlman and C. Lebiere.
2503,Fahlman S. and Lebiere C.
2505,S. Fahlman and C. Lebiere.
2507,S.E. Fahlman and C. Lebiere.
2509,S. Fahlman and C. Lebiere.
2511,S. Fahlman and C. Lebiere.
2513,S. Fahlman and C. Lebiere.
2515,S.E. Fahlman and C. Lebiere.
2517,S.E. Fahlman and C. Lebiere.
2519,"S. E. Fahlman and C. Lebiere,"
2521,"S. E. Fahlman AND C. Lebiere,"
2523,"S. E. Fahlmann, C. Lebiere:"
2525,S. E. Fahlman and C. Lebiere.
2527,"S. Fahlman and C. Lebiere,"
2529,"S. Fahlman and C. Lebiere,"
2531,"S. Fahlman and C. Lebiere,"
2533,S. Fahlman and C. Lebiere.
2535,"Fahlman, S.E., Lebiere, C."
2537,"S. E. Fahlman and C. Lebiere,"
2539,S.E. Fahlman and C. Lebiere.
2541,S. E. Fahlman and C. Lebiere.
2543,S. E. Fahlman and C. Lebiere.
2545,S. E. Fahlman and C. Lebiere.
2547,"Fahlmann, Scott, C. Lebiere."
2549,"S. Fahlman and C. Libiere,"
2551,S.E. Fahlman and C. Lebiere.
2553,S.E. Fahlman and C. Lebiere.
2555,S. E. Fahlman and C. Lebiere.
2557,S. E. Fahlman and C. Lebiere.
2559,"Fahlman, S.E. and Lebiere C."
2561,"Fahlman, S.E. and Lebiere, C."
2563,"S.E. Fahlman and C. Lebiere,"
2565,"Fahlman, S. E. and Lebiere, C."
2567,"Fahlmann, Scott, C. Lebiere."
2569,"Fahlmann, Scott, C. Lebiere."
2571,S. E. Fahlman and C. Lebiere
2573,Scott E. Fahlman and Christian Lebiere.
2575,Scott E. Fahlman and Christian Lebiere.
2577,Scott E. Fahlman and Christian Lebiere.
2579,S.E. Fahlman and C. Lebiere.
2581,S.E. Fahlman and C. Lebiere.
2583,"S. Fahlman and C. Lebiere,"
2585,"S. Fahlman and C. Lebiere,"
2587,"Fahlman, S.E. and Lebiere, C."
2589,S. E. Fahlman and C. Lebiere.
2591,S.E. Fahlman and C. Lebiere.
2593,Scott E. Fahlman and Christian Lebiere.
2595,"Fahlman, S. E., and Lebiere, C."
2597,"Fahlman, S. and Lebiere, C."
2599,S. E. Fahlman and C. Lebiere.
2601,S. E. Fahlman and C. Lebiere.
2603,S. Fahlman and C. Lebiere.
2605,"S. Fahlmann, C. Lebiere,"
2607,"S. Fahlmann, C. Lebiere,"
2609,Scott E. Fahlman and Christian Lebiere.
2611,S. Fahlman and C. Lebiere.
2613,S. Fahlman and C. Lebiere.
2615,"Fahlman, Scott E.,"
2617,"S. Fahlman,"
2619,S.E. Fahlman and C. Lebiere.
2621,S.E. Fahlman and Lebiere C.
2623,Scott E. Fahlman and Christian Lebiere.
2625,Scott E. Fahlman and Christian Lebiere.
2627,S.E. Fahlman and C. Lebiere.
2629,S.E. Fahlman and C. Lebiere.
2631,Scott E. Fahlman and Christian Lebiere.
2633,S. E. Fahlman and C. Lebiere.
2635,S. Fahlman and C. Lebiere.
2637,S. Fahlman and C. Lebiere.
2639,"S.E. Fahlman and C. Lebiere,"
2641,"S.E. Fahlman and C. Lebiere,"
2643,"S.E. Fahlman and C. Lebiere,"
2645,"S.E. Fahlman and C. Lebiere,"
2647,"Fahlman, S. E. & Lebiere, C."
2649,"Fahlman, S. E. & Lebiere, C."
2651,"Fahlman, S., and Lebiere, C.,"
2653,"Fahlman, S. E. and Lebiere, C."
2655,"Fahlman, S. E. and Lebiere, C."
2657,"Fahlman, S.E. and Lebiere C."
2659,S. E. Fahlman and Lebiere C.
2661,"S. E. Fahlman and C. Lebiere,"
2663,S. E. Fahlman and C. Lebiere
2665,S. E. Fahlman and C. Lebiere.
2667,"Fahlman, S. E."
2669,"Fahlman, S. E."
2671,"Fahlman, S. E."
2673,"Fahlman, S. E."
2675,"Fahlman, S. E."
2677,"Fahlman, S. E."
2679,"Fahlman, S. E."
2681,"Fahlman, S. E."
2683,"Fahlmann, S.E.(1990)."
2685,Scott E. Fahlman.
2687,S. Fahlman.
2689,Scott E. Fahlman.
2691,"S. Fahlman,"
2693,Scott E. Fahlman.
2695,Scott E. Fahlman.
2697,S. Fahlman.
2699,S. Fahlman.
2701,"Fahlman, Scott E.,"
2703,"S. Fahlman,"
2705,Scott E. Fahlman and David B. McDonald.
2707,Scott E. Fahlman and David B. McDonald.
2709,"Fahlman, S.E."
2711,"Scott E. Fahlman,"
2713,"Scott E. Fahlman,"
2715,"Scott E. Fahlman,"
2717,Scott E. Fahlman.
2719,"Fahlman, S. E."
2721,"S. E. Fahlman, L. D. Baker and J. A. Boyan,"
2723,"S. E. Fahlman, L. D. Baker and J. A. Boyan,"
2725,"S. E. Fahlman, L. D. Baker and J. A. Boyan,"
2727,"Fahln, L.E.; C.G.Brown; O.Stahl; C.Carlsson."
2729,"Fahln, L.E.; C.G.Brown; O.Stahl; C.Carlsson."
2731,"R. Forchheimer and O. Fahlander,"
2733,"J.Frankel, L.Alvarez, R.Horowitz, and P.Li."
2735,"L. J. Hendren, G. R. Gao, E. R. Altman, and C. Muk-erji."
2737,"Herzog, M.H. & Fahle, M."
2739,"Hoehfeld, M. and Fahlman, S. E."
2741,M. H. Hoehfeld and S. Fahlman.
2743,"Knoop, J. and Steffen, B.,"
2745,"Knoop, J. and Steffen, B.,"
2747,"Knoop, J. and Steffen, B.,"
2749,"Knoop, J. and Steffen, B.,"
2751,"Knoop, J. and Steffen, B.,"
2753,"Knoop, J. and Steffen, B.,"
2755,"Knoop, J. and Steffen, B.,"
2757,"Knoop, J. and Steffen, B.,"
2759,"Knoop, J. and Steffen, B.,"
2761,"Knoop, J. and Steffen, B.,"
2763,"Knoop, J. and Steffen, B.,"
2765,"Knoop, J. and Steffen, B.,"
2767,"Knoop, J. and Steffen, B.,"
2769,J. Knoop and B. Steffen.
2771,J. Knoop and B. Steffen.
2773,J. Knoop and B. Steffen.
2775,Jurgen Knopp.
2777,"Kriegel, H.P., Heep S., Fahldiek A., Mysliwitz N."
2779,"Kriegel, H.P., Heep S., Fahldiek A., Mysliwitz N."
2781,Koen Langendoen and Pieter Hartel. FCG:
2783,"K.G. Langendoen and P.H. Hartel, FCG:"
2785,"David B. McDonald, Scott E. Fahlman, and Skef Wholey."
2787,P. Pfahler and U. Kastens.
2789,P. Pfahler and U. Kastens.
2791,"Poggio, T., Fahle, M., and Edelman, S."
2793,"Poggio, T., Fahle, M., and Edelman, S."
2795,"Poggio, T., Fahle, M., and Edelman, S."
2797,"Poggio, T., Fahle, M., and Edelman, S."
2799,"Poggio, T., Fahle, M., and Edelman, S."
2801,"Poggio, T., Fahle, M., and Edelman, S."
2803,"Poggio, T., Fahle, M., & Edelman, S."
2805,"T. Poggio, M. Fahle, and S. Edelman."
2807,"Poggio T, Fahle M, and Edelman S."
2809,"Poggio, T., Edelman, S., and Fahle, M."
2811,"T. Poggio, S. Edelman, and M. Fahle."
2813,S. T. Pope and L. E.
2815,S. C. Shapiro.
2817,"Guy L. Steele Jr., Scott E. Fahlman, Richard P. Gabriel, David A. Moon, and Daniel L. Weinreb."
2819,"Guy L. Steele Jr., Scott E. Fahlman, Richard P. Gabriel, David A. Moon, and Daniel L. Weinreb."
2821,"Guy L. Steele Jr., Scott E. Fahlman, Richard P. Gabriel, David A. Moon, and Daniel L. Weinreb."
2823,"Steele, Guy L., Jr., Fahlman, Scott E., Gabriel, Richard P., Moon, David A., Weinreb, Daniel L., Bobrow, Daniel G., DeMichiel, Linda G., Keene, Sonya E., Kiczales, Gregor, Perdue, Crispin, Pitman, Kent M., Waters, Richard C., and White, Jon L."
2825,"Common Lisp: The Language (Second Edition). By Guy L. Steele Jr., Scott E. Fahlman, Richard P. Gabriel, David A. Moon, Daniel L. Weinreb, Daniel G. Bobrow, Linda G. DeMichiel, Sonya E. Keene, Gregor Kiczales, Crispin Perdue, Kent M. Pitman, Richard C. Waters, and Jon L White."
2827,"Common Lisp: The Language (Second Edition). By Guy L. Steele Jr., Scott E. Fahlman, Richard P. Gabriel, David A. Moon, Daniel L. Weinreb, Daniel G. Bobrow, Linda G. DeMichiel, Sonya E. Keene, Gregor Kiczales, Crispin Perdue, Kent M. Pitman, Richard C. Waters, and Jon L White."
2829,"Common Lisp: The Language (Second Edition). By Guy L. Steele Jr., Scott E. Fahlman, Richard P. Gabriel, David A. Moon, Daniel L. Weinreb, Daniel G. Bobrow, Linda G. DeMichiel, Sonya E. Keene, Gregor Kiczales, Crispin Perdue, Kent M. Pitman, Richard C. Waters, and Jon L White."
2831,"Common Lisp: The Language (Second Edition). By Guy L. Steele Jr., Scott E. Fahlman, Richard P. Gabriel, David A. Moon, Daniel L. Weinreb, Daniel G. Bobrow, Linda G. DeMichiel, Sonya E. Keene, Gregor Kiczales, Crispin Perdue, Kent M. Pitman, Richard C. Waters, and Jon L White."
2833,"S udholt, M. and Steigner, C."
2835,"S.B. Thrun, J. Bala, E. Bloedorn, I. Bratko, B. Cestnik, J. Cheng, K. De Jong, S Dzroski, S.E. Fahlman, D. Fisher, R. Hamann, K. Kaufman, S. Keller, I. Kononenko, J. Kreuziger, R.S. Michal-ski, T. Mitchell, P. Pachowicz, Y. Reich H. Vafaie, W. Van de Welde, W. Wenzel, J. Wnek, and J. Zhang."
2837,"S.B. Thrun, J. Bala, E. Bloedorn, I. Bratko, B. Cestnik, J. Cheng, K. De Jong, S. Dzeroski andS.E. Fahlman, D. Fisher, R. Hamann, K. Kaufman, S. Keller, I. Kononenko, J. Kreuziger, R.S. Michalski, T. Mitchell, P. Pachowicz, Y. Reich, H. Vafaie, W. Van de Weldel, W. Wenzel, J. Wnek, and J. Zhang."
2839,"Thrun, S.B., Bala, J., Bloedorn, E., Bratko, I., Cestnik, B., Cheng, J., De Jong, K., Dzerowski, S., Fahlman, S.E., Hamann, R., Kaufman, K., Keller, S., Kononenko, I., Kreuziger, J., Michalski, R.S., Mitchell, T., Pachowicz, P., Vafaie, H., Van de Velde, W., Wenzel, W., Wnek, J., and Zhang, J.,"
2841,"Thrun, S.B., Bala, J., Bloedorn, E., Bratko, I., Cestnik, B., Cheng, J., De Jong, K., Dzerowski, S., Fahlman, S.E., Hamann, R., Kaufman, K., Keller, S., Kononenko, I., Kreuziger, J., Michalski, R.S., Mitchell, T., Pachowicz, P., Vafaie, H., Van de Velde, W., Wenzel, W., Wnek, J., and Zhang, J.,"
2843,"Fahlman, D. Fisher, R. Hamann, K. Kaufman, S. Keller, I. Kononenko, J. Kreuziger, R.S. Michal-ski, T. Mitchell, P. Pachowicz, Y. Reich, H. Vafaie, W. Van de Welde, W. Wenzel, J. Wnek, and J. Zhang."
2845,"Fahlman, D. Fisher, R. Hamann, K. Kaufman, S. Keller, I. Kononenko, J. Kreuziger, R.S. Michal-ski, T. Mitchell, P. Pachowicz, Y. Reich, H. Vafaie, W. Van de Welde, W. Wenzel, J. Wnek, and J. Zhang."
2847,"Thrun, S., Bala, J., Bloedorn, E., Bratko, I., Cestnik, B., Cheng, J., De Jong, K., Dzeroski, S., Fahlman, S., Fisher, D., Hamann, R., Kaufman, K., Keller, S., Kononenko, I., Kreuziger, J., Michalski, R., Mitchell, T., Pachowicz, P., Reich, Y., Vafaie, H., Van de Welde, W., Wenzel, W., Wnek, J., & Zhang, J."
2849,"Thrun, S.; Bala, J.; Bloedorn, E.; Bratko, I.; Cestnik, B.; Cheng, J.; De Jong, K.; Dzeroski, S.; Fahlman, S.; Fisher, D.; Hamann, R.; Kaufman, K.; Keller, S.; Kononenko, I.; Kreuziger, J.; Michalski, R.; Mitchell, T.; Pachowicz, P.; Reich, Y.; Vafaie, H.; de Weldel, W. V.; Wenzel, W.; Wnek, J.; and Zhang, J."
2851,"Thrun, S.B., Bala, J., Bloedorn, E., Bratko, I., Cestnik, B., Cheng, J., De Jong, K.A., Dzeroski, S., Fahlman, S.E., Hamann, R., Kaufman, K., Keller, S., Kononenko, I., Kreuziger, J., Michalski, R.S., Mitchell, T., Pachowicz, P., Vafaie, H., Van de Velde, W., Wenzel, W., Wnek, J. and Zhang, J.,"
2853,"Thrun, S.B., Bala, J., Bloedorn, E., Bratko, I., Cestnink, B., Cheng, J., DeJong, K.A., Dzeroski, S., Fahlman, S.E., Hamann, R., Kaufman, K., Keller, S., Kononenko, I., Kreuziger, J., Michalski, R.S., Mitchell, T., Pachowicz, P., Vafaie, H., Van de Velde, W., Wenzel, W., Wnek, J. and Zhang, J.,"
2855,"S. B. Thrun, J. Bala, E. Bloendorn, I. Bratko, B. Cestnik, J. Cheng, K. De Jong, S. D^zeroski, S. E. Fahlman, D. Fisher, R. Hamann, K. Kauf-man, S. Keller, I. Kononenko, J. Kreuziger, R. S. Michalski, T. Mitchell, P. Pachovicz, Y. Re-ich, H. Vafaie, W. Van de Welde, W. Wentzel, J. Wnek, and J. Zhang."
2857,"S. B. Thrun, J. Bala, E. Bloendorn, I. Bratko, B. Cestnik, J. Cheng, K. De Jong, S. D^zeroski, S. E. Fahlman, D. Fisher, R. Hamann, K. Kauf-man, S. Keller, I. Kononenko, J. Kreuziger, R. S. Michalski, T. Mitchell, P. Pachovicz, Y. Re-ich, H. Vafaie, W. Van de Welde, W. Wentzel, J. Wnek, and J. Zhang."
2859,"S.B. Thrun, J. Bala, E. Bloedorn, I. Bratko, B. Cestnik, J. Cheng, K. De Jong, S Dzroski, S.E. Fahlman, D. Fisher, R. Hamann, K. Kaufman, S. Keller, I. Kononenko, J. Kreuziger, R.S. Michalski, T. Mitchell, P. Pachowicz, Y. Re-ich H. Vafaie, W. Van de Welde, W. Wenzel, J. Wnek, and J. Zhang."
2861,"S.B. Thrun, J. Bala, E. Bloedorn, I. Bratko, B. Cestnik, J. Cheng, K. De Jong, S. Dzeroski, S.E. Fahlman, D. Fisher, R. Hamann, K. Kaufman, S. Keller, I. Kononenko, J. Kreuziger, R.S. Michalski, T. Mitchell, P. Pachowicz, Y. Reich, H. Vafaie, W. Van de Welde, W. Wenzel, J. Wnek, and J. Zhang,"
2863,"S.B. Thrun, J. Bala, E. Bloedorn, I. Bratko, B. Cestnik, J. Cheng, K. De Jong, S. Dzeroski, S.E. Fahlman, D. Fisher, R. Hamann, K. Kaufman, S. Keller, I. Kononenko, J. Kreuziger, R.S. Michalski, T. Mitchell, P. Pachowicz, Y. Reich, H. Vafaie, W. Van de Weldel, W. Wenzel, J. Wnek, and J. Zhang."
2865,"Sebastian B. Thrun, Jerzy Bala, Eric Bloedorn, Ivan Bratko, Bojan Cestnik, John Cheng, Kenneth De Jong, Saso Dzeroski, Douglas Fisher, Scott E. Fahlman, Rainer Hamann, Kenneth Kaufman, Stefan Keller, Igor Kononenko, Juergen Kreuziger, Ryszard S. Michalski, Tom Mitchell, Peter Pachowicz, Yoram Reich, Haleh Vafaie, Walter Van de Welde, Walter Wenzel, Janusz Wnek, and Jianping Zhang."
2867,"Sebastian B. Thrun, Jerzy Bala, Eric Bloedorn, Ivan Bratko, Bojan Cestnik, John Cheng, Kenneth De Jong, Saso Dzeroski, Douglas Fisher, Scott E. Fahlman, Rainer Hamann, Kenneth Kaufman, Stefan Keller, Igor Kononenko, Juergen Kreuziger, Ryszard S. Michalski, Tom Mitchell, Peter Pachowicz, Yoram Reich, Haleh Vafaie, Walter Van de Welde, Walter Wenzel, Janusz Wnek, and Jianping Zhang."
2869,"Sebastian B. Thrun, Jerzy Bala, Eric Bloedorn, Ivan Bratko, Bojan Cestnik, John Cheng, Kenneth De Jong, Saso Dzeroski, Douglas Fisher, Scott E. Fahlman, Rainer Hamann, Kenneth Kaufman, Stefan Keller, Igor Kononenko, Juergen Kreuziger, Ryszard S. Michalski, Tom Mitchell, Peter Pachowicz, Yoram Reich, Haleh Vafaie, Walter Van de Welde, Walter Wenzel, Janusz Wnek, and Jianping Zhang."
2871,"S.B. Thrun, J. Bala, E. Bloedorn, I. Bratko, B. Cestnik, J. Cheng, K. De Jong, S. Dzeroski, S.E. Fahlman, D. Fisher, R. Hamann, K. Kaufman, S. Keller, I. Kononenko, J. Kreuziger, R.S. Michalski, T. Mitchell, P. Pachowicz, Y. Reich, H. Vafaie, W. Van de Welde, W. Wenzel, J. Wnek, and J. Zhang,"
2873,"Thrun, S., Bala, J., Bloedorn, E., Bratko, I., Cestnik, B., Cheng, J., De Jong, K., Dzeroski, S., Fisher, D., Fahlman, S., Hamann, R., Kaufman, K., Keller, S., Kononenko, I., Kreuziger, J., Michalski, R., Mitchell, T., Pachowicz, P., Reich, Y., Vafaie, H., Van de Welde, W., Wenzel, W., Wnek, J. and Zhang, J."
2875,"S. Thrun, J. Bala, E. Bloedorn, I. Bratko, B. Cestnik, J. Cheng, K. De Jong, S. Dzeroski, D. Fisher, S. E. Fahlman, R. Hamann, K. Kaufman, S. Keller, I. Kononenko, J. Kreuziger, R. S. Michalski, T.M. Mitchell, P. Pachowicz, Y. Reich, H. Vafaie, W. Van de Welde, W. Wenzel, J. Wnek, and J. Zhang."
2877,"S. Thrun, J. Bala, E. Bloedorn, I. Bratko, B. Cestnik, J. Cheng, K. De Jong, S. Dzeroski, D. Fisher, S. E. Fahlman, R. Hamann, K. Kaufman, S. Keller, I. Kononenko, J. Kreuziger, R. S. Michalski, T.M. Mitchell, P. Pachowicz, Y. Reich, H. Vafaie, W. Van de Welde, W. Wenzel, J. Wnek, and J. Zhang."
2879,"S. Thrun, J. Bala, E. Bloedorn, I. Bratko, B. Cestnik, J. Cheng, K. De Jong, S. Dzeroski, D. Fisher, S. E. Fahlman, R. Hamann, K. Kaufman, S. Keller, I. Kononenko, J. Kreuziger, R. S. Michalski, T.M. Mitchell, P. Pachowicz, Y. Reich, H. Vafaie, W. Van de Welde, W. Wenzel, J. Wnek, and J. Zhang."
2881,"Thrun. S.B., Bala, J., Bloedorn, E., Bratko, I., Cestnik, B., Cheng, J., De Jong, K.A., Dzeroski, S., Fahlman, S.E., Hamann, R., Kaufman, K., Keller, S., Kononenko, I., Kreuziger, J., Michalski, R.S., Mitchell, T., Pachowicz, P., Vafaie, H., Van de Velde, W., Wenzel, W., Wnek, J., and Zhang, J.,"
2883,"S. Thrun, J. Bala, E. Bloedorn, I. Bratko, B. Cestnik, J. Cheng, K. De Jong, S. Dzeroski, S.E. Fahlman, D. Fisher, R. Hamann, K. Kaufman, S. Keller, I. Kononenko, J. Kreuziger, R.S. Michalski, T. Mitchell, P. Pachowicz, Y. Reich, H. Vafaie, W. Van de Welde, W. Wenzel, J. Wnek, and J. Zhang."
2885,"S.B. Thrun, J. Bala, E. Bloedorn, B. Cheng I. Bratko, S. Dzeroski k. De-Jong, S. Fahlman, D. Fisher, R. Hamann, K. Kaufman, S. Keller, I. Kononenko, J. Kreuziger, R. Michalski, T. Mitchell, P. Pachowicz, Y. Reich, H. Vafaie, K. Van de Welde, W. Wenzel, J. Wnek, and J. Zhang."
2887,"Thrun, S., Bala, J., Bloedorn, E., Bratko, I., Cestnik, B., Cheng, J., De Jong, K., Dzeroski, S., Fisher, D., Fahlman, S., Hamann, R., Kaufman, K., 8 Keller, S., Kononenko, I., Kreuziger, J., Michalski, R., Mitchell, T., Pa--chowicz, P., Reich, Y., Vafaie, H., Van de Welde, W., Wenzel, W., Wnek, J. and Zhang, J."
2889,"S. B. Thrun, J. Bala, E. Bloedorn, I. Bratko, B. Cestnik, J. Cheng, K. de Jong, S. Dze-roski, S. E. Fahlman, D. Fisher, R. Hamann, K. Kaufaman, S. Keller, I. Kononenko, J. Kreusiger, R. S. Michalski, T. Mitchell, P. Pachowitz, Y. Reich, H. Vafaic, W. Van de Weldel, W. WEnzel, J. Wnek, and J. Zhang."
2891,"S. B. Thrun, J. Bala, E. Bloedorn, I. Bratko, B. Cestnik, J. Cheng, K. de Jong, S. Dze-roski, S. E. Fahlman, D. Fisher, R. Hamann, K. Kaufaman, S. Keller, I. Kononenko, J. Kreusiger, R. S. Michalski, T. Mitchell, P. Pachowitz, Y. Reich, H. Vafaic, W. Van de Weldel, W. WEnzel, J. Wnek, and J. Zhang."
2893,"Thrun, S., Bala, J., Bloedorn, E., Bratko, I., Cestnik, B., Cheng, J., De Jong, K., Dzeroski, S., Fisher, D., Fahlman, S., Hamann, R., Kaufman, K., Keller, S., Kononenko, I., Kreuziger, J., Michalski, R., Mitchell, T., Pa-chowicz, P., Reich, Y., Vafaie, H., Van de Welde, W., Wenzel, W., Wnek, J. and Zhang, J."
2895,"S. B. Thrun, J. Bala, E. Bloedorn, I. Bratko, B. Cestnik, J. Cheng, K. de Jong, S. Dzeroski, S. E. Fahlman, D. Fisher, R. Hamann, K. Kaufaman, S. Keller, I. Kononenko, J. Kreusiger, R. S. Michalski, T. Mitchell, P. Pachowitz, Y. Reich, H. Vafaic, W. Van de Weldel, W. WEnzel, J. Wnek, and J. Zhang."
2897,"S.B. Thrun, J. Bala, E. Bloedorn, I. Bratko, B. Cestnik, J. Cheng, K. De Jong, S. Dzeroski, S.E. Fahlman, D. Fisher, R. Hamann, K. Kaufman, S. Keller, I. Kononenko, J. Kreuziger, R.S. Michalski, T. Mitchell, P. Pachowicz, Y. Reich, H. Vafaie, W. Van de Weldel, W. Wenzel, J. Wnek, and J. Zhang."
2899,"S.B. Thrun, J. Bala, E. Bloedorn, I. Bratko, B. Cestnik, J. Cheng, K. De Jong, S. Dzeroski, S.E. Fahlman, D. Fisher, R. Hamann, K. Kaufman, S. Keller, I. Kononenko, J. Kreuziger, R.S. Michalski, T. Mitchell, P. Pachowicz, Y. Reich, H. Vafaie, W. Van de Weldel, W. Wenzel, J. Wnek, and J. Zhang."
2901,"Thrun, S. B., Bala, J., Bloedorn, E., Bratko, I., Cestnik, B., Cheng, J., De Jong, K., D zeroski, S., Fahlman, S. E., Fisher, D., Hamann, R., Kauf-man, K., Keller, S., Kononenko, I., Kreuziger, J., Michalski, R. S., Mitchell, T., Pachowicz, P., Reich, Y., Vafaie, H., Van de Velde, W., Wenzel, W., Wnek, J., and Zhang, J."
2903,"S.B. Thrun, J. Bala, E. Bloedorn, I. Bratko, B. Cestnik, J. Cheng, K. De Jong, S. Dzeroski, S.E. Fahlman, D. Fisher, R. Hamann, K. Kauf-man, S. Keller, I. Kononenko, J. Kreuziger, R.S. Michalski, T. Mitchell, P. Pachowicz, Y. Reich, H. Vafaie, W. Van de Welde, W. Wenzel, J. Wnek, and J. Zhang,"
2905,"S.B. Thrun, J. Bala, E. Bloedorn, I. Bratko, B. Cestnik, J. Cheng, K. De Jong, S. Dzeroski, S.E. Fahlman, D. Fisher, R. Hamann, K. Kaufman, S. Keller, I. Kononenko, J. Kreuziger, R.S. Michalski, T. Mitchell, P. Pachowicz, Y. Reich, H. Vafaie, W. Van de Welde, W. Wenzel, J. Wnek, and J. Zhang,"
2907,"S.B. Thrun, J. Bala, E. Bloedorn, I. Bratko, B. Cestnik, J. Cheng, K. De Jong, S. Dzeroski, S.E. Fahlman, D. Fisher, R. Hamann, K. Kaufman, S. Keller, I. Kononenko, J. Kreuziger, R.S. Michalski, T. Mitchell, P. Pachowicz, Y. Reich, H. Vafaie, W. Van de Welde, W. Wenzel, J. Wnek, and J. Zhang,"
2909,"S.B. Thrun, J. Bala, E. Bloedorn, I. Bratko, B. Cestnik, J. Cheng, K. De Jong, S. Dzeroski, S.E. Fahlman, D. Fisher, R. Hamann, K. Kaufman, S. Keller, I. Kononenko, J. Kreuziger, R.S. Michalski, T. Mitchell, P. Pachowitz, Y. Reich, H. Vafaie, W. Van de Welde, W. Wenzel, J. Wnek, and J. Zhang."
2911,"Thurn, S. B., Bala, J., Bloedorn, E., Bratko, I., Cestnik, B., Cheng, J., Jong, K. D., Dzeroski, S., Fahlman, S. E., Fisher, D., Hamann, R., Kaufman, K., Keller, S., Kononenko, I., Kreuziger, J., Michalski, R. S., Mitchell, T., Pachowicz, P., Reich, Y., Vafaie, H., de Welde, W. V., Wenzel, W., Wnek, J., and Zhang, J.,"
2913,"Thurn, S. B., Bala, J., Bloedorn, E., Bratko, I., Cestnik, B., Cheng, J., De Jong, K., Dzeroski, S., Fahlman, S. E., Fisher, D., Hamann, R., Kaufman, K., Keller, S., Kononenko, I., Kreuziger, J., Michalski, R. S., Mitchell, T., Pachowicz, P., Reich, Y., Vafaie, H., Van de Welde, W., Wenzel, W., Wnek, J., and Zhang, J.:"
2915,"Vitek, J., Horspool, R. N., and Uhl, J. S."
2917,"Walter, J., Henke-Fahle, S. & Bonhoeffer, F."
2919,"Weiss, Y., Edelman, S., and Fahle, M."
2921,"Weiss, Y., Edelman, S., and Fahle, M."
2923,"Weiss, Y., Edelman, S., and Fahle, M."
2925,"Weiss, Y., Edelman, S., and Fahle, M."
2927,"Weiss, Y., Edelman, S., and Fahle, M."
2929,"Weiss, Y., Edelman, S., and Fahle, M."
2931,"White, M. & Fahlman, S. E."
2933,"Wholey, Skef, and Fahlman, Scott E."
2935,"Kibler, D. & Aha, D. W."
2937,"Kibler, D., & Aha, D. W."
2939,"Kibler, D., & Aha, D. W."
2941,"Kibler, D., & Aha, D. W."
2943,"Kibler, D., & Aha, D. W."
2945,"Kibler, D., and Aha, D."
2947,"Kibler, D., and Aha, D."
2949,"Kibler, D., and Aha, D. W."
2951,"Kibler, D., and Aha, D. W."
2953,"Kibler, D., and Aha David W."
2955,"Kibler, D., and David W. Aha,"
2957,"Kibler, D., and David W. Aha,"
2959,"Kibler, D., and David W. Aha,"
2961,D. Kibler and D. W. Aha.
2963,D. Kibler and D. Aha.
2965,D. Kibler and D. Aha.
2967,D. Kibler and D. Aha.
2969,D. Kibler and D. W. Aha.
2971,"Kibler, D., and Aha, D.W."
2973,"Kibler, D., and Aha, D.W."
2975,"Kibler, D., and Aha, D.W."
2977,D. Kibler and D. Aha.
2979,Dennis Kibler and David W. Aha.
2981,"D. Kibler and D. W. Aha,"
2983,"Aha, D. & Kibler, D."
2985,"Aha, D. & Kibler, D."
2987,"Aha, D. & Kibler, D."
2989,"Aha, D. & Kibler, D."
2991,"Aha, D. & Kibler, D."
2993,"Aha, D. W. & Kibler D."
2995,"Aha, D. W. and Kibler, D."
2997,"Aha, D. W., & Kibler, D."
2999,"Aha, D. W., & Kibler, D."
3001,"Aha, D. W., & Kibler, D."
3003,"Aha, D. W., & Kibler, D."
3005,"Aha, D. W., & Kibler, D."
3007,"Aha, D. W., & Kibler, D."
3009,"Aha, D. and Kibler, D."
3011,"Aha, D. and Kibler, D."
3013,"Aha, D., & Kibler, D."
3015,"Aha, D., & Kibler, D."
3017,"Aha, D.W., Kibler, D."
3019,D. Aha and D. Kibler.
3021,"Aha, D.W., and Kibler, D.,"
3023,"Aha, D.W., and Kibler, D.,"
3025,David W. Aha and Dennis Kibler.
3027,D.W. Aha and D. Kibler.
3029,"Aha, D. and Kibler, D."
3031,D. Aha and D. Kibler.
3033,D. Aha and D. Kibler.
3035,"Aha, D. W., Kibler, D. & Albert, M. K."
3037,"AHA, D.W., KIBLER, D. and ALBERT, M.K"
3039,"AHA, D.W., KIBLER, D. and ALBERT, M.K."
3041,"Aha, D. W., Kibler, D., & Albert, M."
3043,"Aha, D.W., Kibler E., Albert M.K.:"
3045,"Aha, D.W., Kibler, D., and Albert, M.K.,"
3047,"D. Aha, D. Kibler, and M. Albert."
3049,"D. Aha, D. Kibler, and M. Albert."
3051,"D.W. Aha, D. Kibler, and M.K. Albert:"
3053,"D.W. Aha, D. Kibler, and M.K. Albert:"
3055,"Aha, D. W., D. Kibler, and M. K. Albert,"
3057,"Aha, D. W., Kibler, D. & Albert, M. K."
3059,"Aha, D. W., Kibler, D. & Albert, M. K."
3061,"Aha, D. W., Kibler, D. & Albert, M. K."
3063,"Aha, D. W., Kibler, D. & Albert, M. K."
3065,"Aha, D. W., Kibler, D. & Albert, M. K."
3067,"Aha, D. W., Kibler, D. & Albert, M. K."
3069,"Aha, D. W., Kibler, D., & Albert, M."
3071,"Aha, D. W., Kibler, D., & Albert, M."
3073,"Aha, D. W., Kibler, D., & Albert, M."
3075,"Aha, D. W., Kibler, D., & Albert, M."
3077,"Aha, D. W., Kibler, D., & Albert, M."
3079,"Aha, D. W., Kibler, D., & Albert, M."
3081,"Aha, D. W., Kibler, D., & Albert, M."
3083,"Aha, D. W., Kibler, D., & Albert, M. K."
3085,"Aha, D. W., Kibler, D., & Albert, M. K."
3087,"Aha, D. W., Kibler, D., & Albert, M. K."
3089,"Aha, D. W., Kibler, D., & Albert, M. K."
3091,"Aha, D. W., Kibler, D., & Albert, M. K."
3093,"Aha, D. W., Kibler, D., & Albert, M. K."
3095,"Aha, D. W., Kibler, D., & Albert, M. K."
3097,"Aha, D. W., Kibler, D., & Albert, M. K."
3099,"Aha, D. W., Kibler, D., & Albert, M. K."
3101,"Aha, D. W., Kibler, D., & Albert, M. K."
3103,"Aha, D. W., Kibler, D., & Albert, M. K."
3105,"Aha, D. W., Kibler, D., & Albert, M. K."
3107,"Aha, D. W., Kibler, D., & Albert, M. K."
3109,"Aha, D. W., Kibler, D., & Albert, M. K."
3111,"Aha, D. W., Kibler, D., & Albert, M. K."
3113,"Aha, D. W., Kibler, D., & Albert, M. K."
3115,"Aha, D. W., Kibler, D., & Albert, M. K."
3117,"Aha, D. W., Kibler, D., & Albert, M. K."
3119,"Aha, D. W., Kibler, D., & Albert, M. K."
3121,"Aha, D. W., Kibler, D., & Albert, M. K."
3123,"Aha, D. W., Kibler, D., & Albert, M. K."
3125,"Aha, D. W., Kibler, D., & Albert, M. K."
3127,"Aha, D. W., Kibler, D., & Albert, M. K."
3129,"Aha, D. W., Kibler, D., & Albert, M. K."
3131,"Aha, D. W., Kibler, D., & Albert, M. K."
3133,"Aha, D. W., Kibler, D., & Albert, M. K."
3135,"Aha, D. W., Kibler, D., & Albert, M. K."
3137,"Aha, D. W., Kibler, D., & Albert, M. K."
3139,"Aha, D. W., Kibler, D., and Albert, M. K."
3141,"Aha, D. W., Kibler, D., and Albert, M. K."
3143,"Aha, D. W., Kibler, D., and Albert, M. K."
3145,"Aha, D., Kibler D., and Albert, M.K"
3147,"Aha, D., Kibler, D. & Albert M."
3149,"Aha, D., Kibler, D. & Albert M."
3151,"Aha, D., Kibler, D. & Albert, M."
3153,"Aha, D., Kibler, D. and Albert M."
3155,"Aha, D., Kibler, D., & Albert, M"
3157,"Aha, D., Kibler, D., & Albert, M."
3159,"Aha, D., Kibler, D., & Albert, M."
3161,"Aha, D., Kibler, D., & Albert, M."
3163,"Aha, D., Kibler, D., & Albert, M."
3165,"Aha, D., Kibler, D., & Albert, M."
3167,"Aha, D., Kibler, D., & Albert, M."
3169,"Aha, D., Kibler, D., and Albert, M."
3171,"Aha, D., Kibler, D., and Albert, M."
3173,"Aha, D., Kibler, D., and Albert, M."
3175,"Aha, D.W., D. Kibler & Albert M.K."
3177,"Aha, D.W., D. Kibler & Albert M.K."
3179,"Aha, D.W., Kibler, D., & Albert, M.K."
3181,"Aha, D.W., Kibler, D., & Albert, M.K."
3183,"Aha, D.W., Kibler, D., & Albert, M.K."
3185,"Aha, D.W., Kibler, D., & Albert, M.K."
3187,"Aha, David W., Dennis Kibler, Albert Marc K."
3189,"Aha, David W., Dennis Kibler, Marc K. Albert,"
3191,"Aha, David W., Dennis Kibler, Marc K. Albert,"
3193,"Aha, David W., Dennis Kibler, Marc K. Albert,"
3195,"Aha, David W., Dennis Kibler, Marc K. Albert."
3197,"Aha, David W., Dennis Kibler, and Marc K. Albert,"
3199,"Aha, David W., Dennis Kibler, and Marc K. Albert,"
3201,"Aha, David W., Dennis Kibler, and Marc K. Albert,"
3203,"Aha, David W., Kibler, Dennis, & Albert, Marc K."
3205,"D. Aha, D. Kibler, and M. Albert."
3207,"Aha, D. W., Kibler, D., Albert, M. K."
3209,"Aha, D. W., Kibler, D., Albert, M. K."
3211,"Aha, D. W., Kibler, D., Albert, M. K."
3213,"Aha, D., D. Kibler, Albert & M."
3215,"D. Aha, D. Kibler, and M. Albert."
3217,"D. Aha, D. Kibler, and M. Albert,"
3219,"D. Aha, D. Kibler, and M. Albert,"
3221,"Aha, D., Kibler, D. and Albert, M.:"
3223,"Aha, D.W., Kibler, D., and Albert,"
3225,"Aha, D.W., Kibler, D., and Albert,"
3227,"Aha, D.W., Kibler, D., and Albert,"
3229,"Aha, D.W., Kibler, D., and Albert, M.K."
3231,"Aha, D.W., Kibler, D., and Albert, M.K."
3233,"D. Aha, D. Kibler, and M. Albert,"
3235,"D. Aha, D. Kibler, and M. Albert,"
3237,"D. Aha, D. Kibler, and M. Albert,"
3239,"D. Aha, D. Kibler, and M. Albert,"
3241,"D. W. Aha, D. Kibler, and M. K. Albert."
3243,"D.W. Aha, D. Kibler, and M.K. Albert,"
3245,"D.W. Aha, D. Kibler, and M.K. Albert."
3247,"Aha, David W., Dennis Kibler, Marc K. Albert,"
3249,"Aha, David W., Dennis Kibler, Marc K. Albert,"
3251,"D. W. Aha, D. Kibler, and M. K. Albert."
3253,"D. Aha, D. Kibler, and M. Albert."
3255,"D. Aha, D. Kibler, and M. Albert."
3257,"Aha, David W., Dennis Kibler, Marc K. Albert,"
3259,"Aha, David W., Dennis Kibler, Marc K. Albert,"
3261,"Aha, D. , Kibler, D. , and Albert, M. K."
3263,"D. Aha, D. Kibler, and M. Albert."
3265,"Aha, D.W., Kibler, D., and Albert, M.K."
3267,"D. Aha, D. Kibler, and M. Albert."
3269,"D. Aha, D. Kibler, and M. Albert."
3271,"David W. Aha, Dennis Kibler, and Marc K. Albert."
3273,"Aha, D. W., Kibler, D., & Albert, M."
3275,"Aha, D. W., D. Kibler, & Albert M. K."
3277,"Aha, D. W., Kibler, D., & Albert, M."
3279,"(Aha and Goldstone, 1992) Aha, D. W. and Gold stone, R. L."
3281,"(Aha and Goldstone, 1992) Aha, D. W. and Gold-stone, R. L."
3283,S. H. Nienhuys-Cheng and R. De Wolf (1996).
3285,"J.S. Conery, D.F. Kibler,"
3287,"J.S. Conery, D.F. Kibler,"
3289,"J.S. Conery, D.F. Kibler,"
3291,"J. S. Conery, D. F. Kibler,"
3293,"J. S. Conery, D. F. Kibler,"
3295,"Dasarathy, B. V."
3297,"Datta, P. and Kibler, D."
3299,"Datta, P. and Kibler, D."
3301,"Datta, P. and Kibler, D."
3303,"Datta, P. and Kibler, D."
3305,"Datta, P. & Kibler, D."
3307,"Datta, P. and Kibler, D."
3309,"Datta, P. and Kibler, D."
3311,"Datta, P., & Kibler, D."
3313,"Datta, P., & Kibler, D."
3315,"Datta, P., and Kibler, D."
3317,P. Datta and D. Kibler.
3319,"Hall, R., Kibler, D., Wenger, E., & Truxaw, C."
3321,"Hampson, S. and Kibler, D."
3323,Steven Hampson and Dennis Kibler.
3325,Steven Hampson and Dennis Kibler.
3327,"Hampson, D., & Kibler, S."
3329,"Hampson, D., & Kibler, S."
3331,S. Hampson and D. Kibler.
3333,"Hu, Y. & Kibler, D."
3335,"Hu, Y., and Kibler, D.,"
3337,"Kelly, J. D. & Davis, L."
3339,"Kelly, J. D. & Davis, L."
3341,"Kibler, D."
3343,D. Kibler and P. Morris.
3345,"Kibler, D., & Porter, B."
3347,D. Kibler.
3349,D. Kibler and P. Langley.
3351,D. Kibler and P. Langley.
3353,D. Kibler and P. Langley.
3355,"Kibler D. & Langley, P."
3357,"Kibler D. & Langley, P."
3359,"Kibler D. & Langley, P."
3361,"Kibler, D. & Langley, P."
3363,"Kibler, D. & Langley, P."
3365,"Kibler, D. & Langley, P."
3367,"Kibler, D. & Langley, P."
3369,"Kibler, D. & Langley, P."
3371,"Kibler, D. & Langley, P."
3373,"Kibler, D. & Langley, P."
3375,"Kibler, D. & Langley, P."
3377,"Kibler, D. & Langley P."
3379,"Kibler, D., & Langley, P."
3381,"Kibler, D., & Langley, P."
3383,"Kibler, D., & Langley, P."
3385,"Kibler, D., & Langley, P."
3387,"Kibler, D., & Langley, P."
3389,"Kibler, D., & Langley, P."
3391,"Kibler, D., & Langley, P."
3393,"Kibler, D., & Langley, P."
3395,"Kibler, D., & Langley, P."
3397,"Kibler, D., & Langley, P."
3399,"Kibler, D., & Langley, P."
3401,"Kibler, D., & Langley, P."
3403,"Kibler, D., & Langley, P."
3405,"Kibler, D., & Langley, P."
3407,"Kibler, D., & Langley, P."
3409,"D. Kibler and P. Langley, P."
3411,Dennis Kibler and Pat Langley.
3413,Dennis Kibler and Pat Langley.
3415,D. Kibler & P. Langley.
3417,D. Kibler & P. Langley.
3419,Dennis Kibler and Pat Langley.
3421,Dennis Kibler and Pat Langley.
3423,Pat Langley and Dennis Kibler.
3425,Pat Langley and Dennis Kibler.
3427,"Kibler, D. and Aha, D."
3429,"Kibler, D., & Aha, D. W."
3431,"Kibler, D., & Aha, D. W."
3433,D. Kibler and D. Aha.
3435,D. Kibler and D. Aha.
3437,"D. Kibler, D.W. Aha, and M.K. Albert:"
3439,"D. Kibler, D.W. Aha, and M.K. Albert:"
3441,"Kibler, D., Aha, D.W., and M.K., Albert,"
3443,"Kibler, D. Aha, D. W. & Albert, M."
3445,"D. Kibler, D. Aha, and M. K. Albert."
3447,"Langley, P., Kibler, D. & Granger, R."
3449,"Nilsson, N. J."
3451,"Nilsson, N. J."
3453,"Nilsson, N. J."
3455,"Norvig, P."
3457,"Norvig, P."
3459,"Norvig, P."
3461,"Norvig, P."
3463,"Ortega, J., and Fisher, D."
3465,"Pazzani, M. J., Kibler, D."
3467,"Pazzani, M., & Kibler, D."
3469,"Pazzani, M., & Kibler, D."
3471,Michael Pazzani and Dennis Kibler.
3473,"M. Pazzani & D. Kibler,"
3475,Pazzani M. and Kibler D.
3477,Pazzani M. and Kibler D.
3479,"Pazzani, M. & Kibler, D."
3481,"Pazzani, M. J., & Kibler, D."
3483,"Pazzani, M. J., & Kibler, D."
3485,"Pazzani, M. J., & Kibler, D."
3487,"Pazzani, M. J., Kibler, D."
3489,"Pazzani, M., & Kibler, D."
3491,"Pazzani, M., & Kibler, D."
3493,"Pazzani, M., & Kibler, D."
3495,"Pazzani, M., & Kibler, D."
3497,"Pazzani, M., & Kibler, D."
3499,"Pazzani, M., & Kibler, D."
3501,"Pazzani, M., & Kibler, D."
3503,"Pazzani, M., & Kibler, D."
3505,"Pazzani, M., & Kibler, D."
3507,"Pazzani, M., & Kibler, D."
3509,"Pazzani, M., & Kibler, D."
3511,"Pazzani, M., & Kibler, D."
3513,"Pazzani, M., & Kibler, D."
3515,"Pazzani, M., & Kibler, D."
3517,"Pazzani, M., & Kibler, D."
3519,"Pazzani, M., & Kibler, D."
3521,"Pazzani, M., & Kibler, D."
3523,"Pazzani, M., & Kibler, D."
3525,"Pazzani, M., & Kibler, D."
3527,"Pazzani, M., & Kibler, D."
3529,"Pazzani, M., & Kibler, D."
3531,"Pazzani, M., & Kibler, D."
3533,"Pazzani, M., & Kibler, D."
3535,"Pazzani, M., & Kibler, D."
3537,"Pazzani, M., & Kibler, D."
3539,"Pazzani, M., & Kibler, D."
3541,"Pazzani, M., & Kibler, D."
3543,"Pazzani, M., & Kibler, D."
3545,"Pazzani, M., & Kibler, D."
3547,"Pazzani, M., & Kibler, D."
3549,"Pazzani, M., & Kibler, D."
3551,"Pazzani, Michael and Kibler, Dennis 1992."
3553,"Pazzani, M. J. and Kibler, D."
3555,M. Pazzani and D. Kibler.
3557,M. Pazzani and D. Kibler.
3559,"M. Pazzani and D. Kibler,"
3561,M. Pazzani and D. Kibler.
3563,Michael Pazzani and Dennis Kibler.
3565,"M. Pazzani and D. Kibler,"
3567,"M. Pazzani and D. Kibler,"
3569,Michael Pazzani and Dennis Kibler.
3571,M. Pazzani and D. Kibler.
3573,Pazzani M. and Kibler D.
3575,"Porter, B. W., & Kibler, D. F."
3577,"Porter, B. W., & Kibler, D. F."
3579,"Porter, B. W., & Kibler, D. F."
3581,"Porter, B. W., & Kibler, D. F."
3583,"Porter, B. W., & Kibler, D. F."
3585,D. Ruby and D. Kibler.
3587,"Ruby, D., & Kibler, D."
3589,"Ruby, D., & Kibler, D."
3591,"Ruby, D., & Kibler, D."
3593,"Ruby, D., & Kibler, D."
3595,"Ruby, D., Kibler, D."
3597,"Ruby, D., Kibler, D."
3599,"Ruby, D., and Kibler, D."
3601,David Ruby and Dennis Kibler.
3603,David Ruby and Dennis Kibler.
3605,David Ruby and Dennis Kibler.
3607,"Rudy, D., Kibler, D."
3609,"Suzanne Skiblics, Edward J. Klimas, and David A. Thomas."
3611,"T. A. Standish, D. C. Harriman, D. F. Kibler, and J. M. Neighbors,"
3613,"Townsend-Webber, T. & Kibler, D."
3615,"Townsend-Weber, T., & Kibler, D."
3617,"Townsend-Weber, T., & Kibler, D."
3619,"Townsend-Weber, T., & Kibler, D."
3621,"Townsend-Weber, T., & Kibler, D."
3623,"Townsend-Weber, T., & Kibler, D."
3625,"Townsend-Weber, T., & Kibler, D."
3627,"Townsend-Weber, T., & Kibler, D."
3629,"Townsend-Weber, T., & Kibler, D."
3631,"Townsend-Weber, T., & Kibler, D."
3633,"Townsend-Weber, T., & Kibler, D."
3635,"Aha, D. and Kibler, D."
3637,"Aha, D. and Kibler, D."
3639,"Aha, D. and Kibler, D."
3641,D. Kibler and D. W. Aha.
3643,"D. Kibler and D.W. Aha,"
3645,Dennis Kibler and David W. Aha.
3647,"D. Kibler and D. W. Aha,"
3649,"D. Kibler and D. W. Aha,"
3651,"D. Kibler and D. W. Aha,"
3653,"D. Kibler and D. W. Aha,"
3655,"D. Aha, D. Kibler, and M. Albert."
3657,"D. Aha, D. Kibler, and M. Albert."
3659,"D. Aha, D. Kibler, and M. Albert."
3661,"D.W. Aha, D. Kibler, and M.K. Albert."
3663,"D. W. Aha, D. Kibler, and M. K. Albert."
3665,"David W. Aha, Dennis Kibler, and Mark K. Albert."
3667,"David W. Aha, Dennis Kibler, and Mark K. Albert."
3669,"Aha, D. W., D. Kibler, and M. Albert."
3671,"Aha, D. W., D. Kibler, and M. K. Albert."
3673,"Aha, D. W., D. Kibler, and M. K. Albert."
3675,"Aha, D. W., Kibler, D. & Albert, M. K."
3677,"Aha, D. W., Kibler, D. & Albert, M. K."
3679,"Aha, D. W., Kibler, D., and Albert, M. K."
3681,"Aha, D. W., Kibler, D., and Albert, M. K."
3683,"Aha, D. W., Kibler, D., and Albert, M. K."
3685,"Aha, D. W., Kibler, D., and Albert, M. K."
3687,"Aha, D. W., Kibler, D., and Albert, M. K."
3689,"Aha, D. W., Kibler, D., and Albert, M. K."
3691,"Aha, D. W., Kibler, D., and Albert, M. K."
3693,"Aha, D. W., Kibler, D., and Albert, M. K."
3695,"Aha, D. W., Kibler, D., and Albert, M. K."
3697,"Aha, D. W.; Kibler, D.; and Albert, M. K."
3699,"Aha, D. W.; Kibler, D.; and Albert, M. K."
3701,"Aha, D. W.; Kibler, D.; and Albert, M. K."
3703,"Aha, D. W.; Kibler, D.; and Albert, M. K."
3705,"Aha, D. W.; Kibler, D.; and Albert, M. K."
3707,"Aha, D. W.; Kibler, D.; and Albert, M. K."
3709,"Aha, D. W.; Kibler, D.; and Albert, M. K."
3711,"Aha, D. W.; Kibler, D.; and Albert, M. K."
3713,"Aha, D. W.; Kibler, D.; and, Albert, M. K."
3715,"Aha, D., D. Kibler, and M. Albert."
3717,"Aha, D., Kibler, D. and Albert, M."
3719,"Aha, D., Kibler, D., & Albert, M."
3721,"Aha, D., Kibler, D., & Albert, M."
3723,"Aha, D., Kibler, D., & Albert, M."
3725,"Aha, D., Kibler, D., & Albert, M."
3727,"Aha, D., Kibler, D., and Albert, M."
3729,"Aha, D., Kibler, D., and Albert, M."
3731,"Aha, D., Kibler, D., and Albert, M."
3733,"Aha, D., Kibler, D., and Albert, M."
3735,"Aha, D., Kibler, D., and Albert, M."
3737,"Aha, D.; Kibler, D.; and Albert, M."
3739,"Aha, D.; Kibler, D.; and Albert, M."
3741,"Aha, D.W., Kibler, D., & Albert, M.K."
3743,"Aha, D.W., Kibler, D., & Albert, M.K."
3745,"Aha, D.W.; Kibler, D.; and Albert, M.K."
3747,"D. W. Aha, D. Kibler & M. K. Albert."
3749,"D. W. Aha, D. Kibler & M. K. Albert."
3751,"David W. Aha, Dennis Kibler, and M. K. Albert."
3753,"Aha, D., Kibler, D., and Albert, M."
3755,"Aha, D. W.; Kibler, D.; and Albert, M. K."
3757,"Aha, D. W.; Kibler, D.; and Albert, M. K."
3759,"D Aha, D Kibler, and M Albert."
3761,"D W Aha, D Kibler, and M K Albert."
3763,"D. Aha, D. Kibler, and M. Albert."
3765,"D. Aha, D. Kibler, and M. Albert."
3767,"D. W. Aha, D. Kibler, and M. K. Albert."
3769,"D. W. Aha, D. Kibler, and M. K. Albert."
3771,"D. W. Aha, D. Kibler, and M. K. Albert."
3773,"D. W. Aha, D. Kibler, and M. K. Albert."
3775,"D. W. Aha, D. Kibler, and M. K. Albert."
3777,"D. W. Aha, D. Kibler, and M. K. Albert."
3779,"D. W. Aha, D. Kibler, and M. K. Albert."
3781,"D. W. Aha, D. Kibler, and M. K. Albert."
3783,"D. W. Aha, D. Kibler, and M. K. Albert."
3785,"D. W. Aha, D. Kibler, and M. K. Albert."
3787,"D. W. Aha, D. Kibler, and M. K. Albert."
3789,"D.W. Aha, D. Kibler, and M.K. Albert."
3791,"D.W. Aha, D. Kibler, and M.K. Albert."
3793,"D.W. Aha, D. Kibler, and M.K. Albert."
3795,"David W. Aha, Dennis Kibler, and Marc K. Albert."
3797,"David W. Aha, Dennis Kibler, and Marc K. Albert."
3799,"David W. Aha, Dennis Kibler, and Marc K. Albert."
3801,"D. W. Aha, D. Kibler, and M. Albert."
3803,"D. W. Aha, D. Kibler, and M. K. Albert."
3805,"D. W. Aha, D. Kibler, and M. K. Albert."
3807,"D. W. Aha, D. Kibler, and M. K. Albert."
3809,"D. W. Aha, D. Kibler, and M. K. Albert."
3811,"D.W. Aha, D. Kibler and M.K. Albert"
3813,D. Aha and D. Kibler.
3815,"D. W. Aha, D. Kibler, and M. K. Albert."
3817,"D. W. Aha, D. Kibler, and M. K. Albert."
3819,"D. W. Aha, D. Kibler, and M. K. Albert."
3821,"D. W. Aha, D. Kibler, and M. K. Albert."
3823,"D. W. Aha, D. Kibler, and M. K. Albert."
3825,"David W. Aha, Dennis Kibler, and Marc K. Albert."
3827,"D W Aha, D Kibler, and M K Albert."
3829,"D. Aha, D. Kibler, and M. Albert."
3831,"D. W. Aha, D. Kibler, and J. K. Albert."
3833,"D. W. Aha, D. Kibler, and M. K. Albert."
3835,"D. W. Aha, D. Kibler, and M. K. Albert."
3837,"D. W. Aha, D. Kibler, and M. K. Albert."
3839,"D. W. Aha, D. Kibler, and M. K. Albert."
3841,"D. W. Aha, D. Kibler, and M. K. Albert."
3843,"D. W. Aha, D. Kibler, and M. K. Albert."
3845,"David W. Aha, Dennis Kibler, and Marc K. Albert."
3847,"David W. Aha, Dennis Kibler, and Marc K. Albert."
3849,"Aha, D., Kibler, D., and Albert, M.,"
3851,"Aha, D., Kibler, D., and Albert, M."
3853,"Aha, D., Kibler, D., and Albert, M."
3855,"Aha, D., Kibler, D., and Albert, M."
3857,"D. Aha, D. Kibler and M. Albert."
3859,"D. Aha, D. Kibler, and M. Albert."
3861,"D. W. Aha, D. Kibler, and M. K. Al-bert."
3863,"D. W. Aha, D. Kibler, and M. K. Al-bert."
3865,"D. W. Aha, D. Kibler, and M. K. Albert."
3867,"D. W. Aha, D. Kibler, and M. K. Albert."
3869,"D. W. Aha, D. Kibler, and M. K. Albert."
3871,"David W. Aha, Dennis Kibler, and Marc K. Albert."
3873,"David W. Aha, Dennis Kibler, and Mark K. Albert."
3875,"David W. Aha, Dennis Kibler, and Mark K. Albert."
3877,"D. W. Aha, D. Kibler, and M. K. Albert."
3879,"D.W. Aha, D. Kibler, and M.K. Albert,"
3881,"D.W. Aha, D. Kibler, and M.K. Albert,"
3883,"Aha, D., Kibler, D., & Albert, M."
3885,"D. Aha, D. Kibler, and M. Albert."
3887,"Kibler, D. and Conery, J."
3889,John S. Conery and Dennis F. Kibler.
3891,J.S. Conery and D.F. Kibler.
3893,J. S. Conery and D. F. Kibler.
3895,J.S. Conery and D.F. Kibler.
3897,"Aha DW, Kibler D, Albert MK."
3899,D. Kibler and P. Morris.
3901,Dennis Kibler.
3903,"Kibler, D."
3905,B. Porter and D. Kibler.
3907,"Kibler, D. and Aha, D."
3909,Dennis Kibler and David W. Aha.
3911,Dennis Kibler and David W. Aha.
3913,"Kibler, D. and Langley, P.,"
3915,"Kibler, D., and Langley, P."
3917,"Kibler D., Langley P.:"
3919,"Kibler, D. and Langley, P."
3921,"Kibler, D. and Aha, D. W."
3923,"Kibler, D. and Aha, D. W."
3925,"Kibler, D., Aha, D. W., and Albert, M."
3927,"Kibler, D., Aha, D.W., & Albert, M.K."
3929,"Kibler, D., Aha, D.W., & Albert, M.K."
3931,"D. Kibler, D. W. Aha, and M. K. Albert."
3933,"D. Kibler, D. W. Aha, and M. K. Albert."
3935,D. Kibler and D. W. Aha.
3937,D. Kibler and D. W. Aha.
3939,"Pazzani, M. & Kibler, D."
3941,"Pazzani, M., and Kibler, D.,"
3943,Michael Pazzani and Dennis Kibler.
3945,Michael Pazzani and Dennis Kibler.
3947,Michael Pazzani and Dennis Kibler.
3949,Micheal Pazzani and Dennis Kibler.
3951,Dennis Kibler (1993).
3953,Dennis Kibler (1993).
3955,Dennis Kibler (1993).
3957,Pazzani M. and Kibler D.
3959,Pazzani M. and Kibler D.
3961,Pazzani M. and Kibler D.
3963,Pazzani M. and Kibler D.
3965,"Pazzani M, Kibler D."
3967,"Pazzani M., Kibler D.:"
3969,"Ourston, D. & Mooney, R."
3971,"Ourston, D. & Mooney, R."
3973,"Ourston, D. & Mooney, R."
3975,M. Pazzani and D. Kibler.
3977,"Pazzani, M. , and Kibler, D.,"
3979,M. Pazzani & D.
3981,M. Pazzani and D. Kibler.
3983,"Pazzani, M. & Kibler, D."
3985,"Pazzani, M. & Kibler, D."
3987,"Pazzani, M. & Kibler, D."
3989,"Pazzani, M. & Kibler, D."
3991,"Pazzani, M. & Kibler, D."
3993,"Pazzani, M. & Kibler, D."
3995,"Pazzani, M. & Kibler, D."
3997,"Pazzani, M. & Kibler, D."
3999,"Pazzani, M. & Kibler, D."
4001,"Pazzani, M. & Kibler, D."
4003,"Pazzani, M. & Kibler, D."
4005,"Pazzani, M. & Kibler, D."
4007,"Pazzani, M. J., and Kibler, D."
4009,"Pazzani, M. and Kibler, D."
4011,"Pazzani, M. and Kibler, D."
4013,"Pazzani, M. and Kibler, D."
4015,"Pazzani, M. and Kibler, D."
4017,"Pazzani, M. and Kibler, D.,"
4019,"Pazzani, M. and Kibler, D.,"
4021,"Pazzani, M., & Kibler, D."
4023,"Pazzani, M., & Kibler, D."
4025,"Pazzani, M., and Kibler, D."
4027,"Pazzani, M., and Kibler, D."
4029,"Pazzani, M., and Kibler, D."
4031,"Pazzani, M., and Kibler, D."
4033,"Pazzani, M., and Kibler, D."
4035,"Pazzani, M., and Kibler, D."
4037,"Pazzani, M., and Kibler, D."
4039,"Pazzani, M., and Kibler, D."
4041,"Pazzani, M., and Kibler, D."
4043,"Pazzani, M., and Kibler, D."
4045,"Pazzani, M., and Kibler, D."
4047,"Pazzani, M., and Kibler, D."
4049,"Pazzani, M., and Kibler, D."
4051,M. Pazzani and D. Kibler.
4053,M. Pazzani and D. Kibler.
4055,M. Pazzani and D. Kibler.
4057,M. Pazzani and D. Kibler.
4059,M. Pazzani and D. Kibler.
4061,Micheal J. Pazzani and Dennis Kibler.
4063,Micheal J. Pazzani and Dennis Kibler.
4065,M. Pazzani and D. Kibler.
4067,M. Pazzani and D. Kibler.
4069,Micheal J. Pazzani and Dennis Kibler.
4071,Micheal J. Pazzani and Dennis Kibler.
4073,Micheal J. Pazzani and Dennis Kibler.
4075,M. Pazzani and D. Kibler.
4077,Micheal J. Pazzani and Dennis Kibler.
4079,M. Pazzani and D. Kibler.
4081,M. Pazzani and D. Kibler.
4083,"Pazzani, M. and D. Kibler,"
4085,"Pazzani, M. and Kibler, D."
4087,"Pazzani, M. and Kibler, D."
4089,M. Pazzani and D. Kibler.
4091,"Pazzani, M., and Kibler, D.,"
4093,"Pazzani, M., and Kibler, D.,"
4095,M. Pazzani and D. Kibler.
4097,M. Pazzani and D. Kibler.
4099,Bruce Porter and Dennus Kibler.
4101,Bruce Porter and Dennus Kibler.
4103,Bruce Porter and Dennus Kibler.
4105,Bruce Porter and Dennus Kibler.
4107,Bruce Porter and Dennus Kibler.
4109,David Ruby and Dennis Kibler.
4111,"Ruby, D., & Kibler, D."
4113,"Ruby, D., & Kibler, D."
4115,"Ruby, D., & Kibler, D."
4117,D. Ruby and D. Kibler.
4119,D. Ruby and D. Kibler.
4121,J. Sklansky and D. F. Kibler.
4123,"Brodley, C. E. & Utgoff, P. E."
4125,"Brodley, C. E. & Utgoff, P. E."
4127,"Brodley, C. E. and Utgoff, P. E."
4129,"Brodley, C. E. and Utgoff, P. E."
4131,"Brodley, C. E. and Utgoff, P. E."
4133,"Brodley, C. E., & Utgoff, P. E."
4135,"Brodley, C. E., & Utgoff, P. E."
4137,"Brodley, C. E., & Utgoff, P. E."
4139,"Brodley, C. E., & Utgoff, P. E."
4141,"Brodley, C. E., & Utgoff, P. E."
4143,"Brodley, C. E., & Utgoff, P. E."
4145,"Brodley, C. E., & Utgoff, P. E."
4147,"Brodley, C. E., & Utgoff, P. E."
4149,"Brodley, C. E., & Utgoff, P. E."
4151,"Brodley, C. E., & Utgoff, P. E."
4153,"Brodley, C. E., & Utgoff, P. E."
4155,"Brodley, C. E., and Utgoff, P. E."
4157,"C.E. Brodley and P.E. Ut-goff,"
4159,"C.E. Brodley and P.E. Utgoff,"
4161,"Brodley, C. E., and Utgoff, P. E."
4163,Carla E. Brodley and Paul E. Utgoff.
4165,Carla E. Brodley and Paul E. Utgoff.
4167,Carla E. Brodley and Paul E. Utgoff.
4169,Carla E. Brodley and Paul E. Utgoff.
4171,Carla E. Brodley and Paul E. Utgoff.
4173,Carla E. Brodley and Paul E. Utgoff.
4175,Carla E. Brodley and Paul E. Utgoff.
4177,Carla E. Brodley and Paul E. Utgoff.
4179,Carla E. Brodley and Paul E. Utgoff.
4181,"Brodley, C.E., and Utgoff, P.E."
4183,C. E. Brodley and P. E. Utgoff.
4185,C. E. Brodley and P. E. Utgoff.
4187,C. E. Brodley and P. E. Utgoff.
4189,C. E. Brodley and P. E. Utgoff.
4191,C.E. Brodley and P.E. Utgoff.
4193,C.E. Brodley and P.E. Utgoff.
4195,Carla E. Brodley and Paul Utgoff.
4197,Carla E. Brodley and Paul Utgoff.
4199,"Brodley, C. E. and Utgoff, P. E."
4201,"Brodley, C. E. and Utgoff, P. E."
4203,"C.E. Brodley and P.E. Utgoff,"
4205,C. E. Brodley and P. E. Utgoff.
4207,C. E. Brodley and P. E. Utgoff.
4209,C. E. Brodley and P. E. Ut-goff.
4211,"B. Draper, C. E. Brodley, and P. Utgoff."
4213,C. E. Brodley and P. E. Utgoff.
4215,Carla E. Brodley and Paul E. Utgoff.
4217,Carla E. Brodley and Paul E. Utgoff.
4219,"Brodley, C. E. & Utgoff, P. E."
4221,"Brodley, C. E. and Utgoff P. E."
4223,"Brodley, C. E. and Utgoff P. E."
4225,"Brodley, C. E. and Utgoff, P. E."
4227,"Brodley, C. E. and Utgoff, P. E."
4229,"Brodley, C. E. and Utgoff, P. E."
4231,"Brodley, C. E., & Utgoff, P. E."
4233,"Brodley, C. E., & Utgoff, P. E."
4235,"Brodley, C. E., & Utgoff, P. E."
4237,"Brodley, C. E., & Utgoff, P. E."
4239,"Brodley, C. E., & Utgoff, P. E."
4241,"Brodley, C. E., & Utgoff, P. E."
4243,"Brodley, C. E., & Utgoff, P. E."
4245,"Brodley, C. E., & Utgoff, P. E."
4247,"Brodley, C. E., & Utgoff, P. E."
4249,"Brodley, C. E., Utgoff, P. E."
4251,"Brodley, C.E. and Utgoff P.E."
4253,"Brodley, C.E. and Utgoff P.E."
4255,"Brodley, C.E., and Utgoff, P.E."
4257,C. E. Brodley and P. E. Utgoff.
4259,"Brodley, C.E. and Utgoff, P.E."
4261,"C.E. Brodley and P.E. Utgoff,"
4263,C. E. Brodley and P. E. Utgoff.
4265,"Brodley, C. E., and Utgoff, P. E."
4267,Carla Brodley and Paul Utgoff.
4269,Carla E. Brodley and Paul E. Utgoff.
4271,Carla E. Brodley and Paul E. Utgoff.
4273,Carla E. Brodley and Paul E. Utgoff.
4275,Carla E. Brodley and Paul E. Utgoff.
4277,Carla E. Brodley and Paul E. Utgoff.
4279,Carla E. Brodley and Paul E. Utgoff.
4281,Carla E. Brodley and Paul E. Utgoff.
4283,Carla E. Brodley and Paul E. Utgoff.
4285,Carla E. Brodley and Paul E. Utgoff.
4287,C. E. Brodley and P. E. Utgoff.
4289,"C.E. Brodley and P.E. Utgoff,"
4291,C. Brodley and P. Utgoff.
4293,C. E. Brodley and P. E. Utgoff.
4295,C. E. Brodley and P. E. Utgoff.
4297,"Brodley, C.E., and Utgoff, P.E."
4299,Carla E. Brodley and Paul E. Utgoff.
4301,"C.E. Brodley and P.E. Utgoff,"
4303,"C. Brodley, P. Utgoff,"
4305,"Callan, J.P. and Utgoff, P.E.,"
4307,"Callan, J. and Utgoff, P."
4309,"Callan, J. and Utgoff, P."
4311,"Callan, J. and Utgoff, P."
4313,J. Callan and P. Utgoff.
4315,J. Callan and P. Utgoff.
4317,"J.P. Callan and P.E. Utgoff,"
4319,"Callan, J. P., & Utgoff, P. E."
4321,"Callan, J. P., & Utgoff, P. E."
4323,J. P. Callan and P.E. Utgoff.
4325,C. Cardie.
4327,C. Cardie.
4329,C. Cardie.
4331,"Cardie, C."
4333,"Cardie, C."
4335,"Cardie, C."
4337,"Cardie, C."
4339,"Cardie, C."
4341,"Cardie, C."
4343,"Cardie, C."
4345,R. Caruana.
4347,R. Caruana.
4349,R. Caruana.
4351,Richard Caruana.
4353,Richard Caruana.
4355,Richard Caruana.
4357,Richard Caruana.
4359,Richard Caruana.
4361,R. Caruana.
4363,R. Caruana.
4365,R. Caruana.
4367,R. Caruana.
4369,R. Caruana.
4371,R. Caruana.
4373,"Caruana, R."
4375,"Caruana, R."
4377,"Caruana, R."
4379,"Caruana, R."
4381,"Caruana, R."
4383,"Chapman, D."
4385,"Chapman, D."
4387,"Chapman, D."
4389,"Chapman, D."
4391,"Chapman, D."
4393,P. Clark and S. Matwin.
4395,"Cleeremans, A., Servan-Schreiber, D., & McClelland, J."
4397,"Clouse, J. A. & Utgoff, P. E."
4399,"Clouse, J. A., & Utgoff, P. E."
4401,"Clouse, J. A., & Utgoff, P. E."
4403,"Clouse, J., & Utgoff, P."
4405,"Clouse, J., & Utgoff, P."
4407,"Clouse, J., & Utgoff, P."
4409,"Clouse, J., and Utgoff, P."
4411,"Clouse, J.A., & P.E. Utgoff,"
4413,J. Clouse and P. Utgoff.
4415,J. A. Clouse and P. E. Utgoff.
4417,J. A. Clouse and P. E. Utgoff.
4419,"Clouse, J.A., & Utgoff, P.E."
4421,J. A. Clouse and P. E. Utgoff.
4423,J.A. Clouse and P.E. Utgoff.
4425,J.A. Clouse and P.E. Utgoff.
4427,J. Clouse and P. Utgoff.
4429,J. Clouse and P. Utgoff.
4431,M. E. Connel and P. E. Utgoff.
4433,"Connell, M. E. and Utgoff, P. E."
4435,"Connell, M. E. and Utgoff, P. E."
4437,"Connell, M. E., & Utgoff, P. E."
4439,"Connell, M. E., & Utgoff, P. E."
4441,"Connell, M. E., & Utgoff, P. E."
4443,"Connell, M. E., & Utgoff, P. E."
4445,M. Connell and P. Utgoff.
4447,M. Connell and P. Utgoff.
4449,M. Connell and P. Utgoff.
4451,"Craven, M. W. & Shavlik, J. W."
4453,"Craven, M. W. & Shavlik, J. W."
4455,Mark W. Craven and Jude W. Shavlik.
4457,Mark W. Craven and Jude W. Shavlik.
4459,Mark W. Craven and Jude W. Shavlik.
4461,M. W. Craven and J. W. Shavlik.
4463,M. W. Craven and J. W. Shavlik.
4465,M. W. Craven and J. W. Shavlik.
4467,"Danyluk, A.P. and F.J. Provost"
4469,"Danyluk, A. & Provost, F."
4471,"B. A. Draper, Carla E. Brodley, and Paul E. Utgoff."
4473,"B. A. Draper, Carla E. Brodley, and Paul E. Utgoff."
4475,"Draper, B. A., Brodley, C. E. & Utgoff, P. E."
4477,"Draper, B. A., Brodley, C. E. & Utgoff, P. E."
4479,"Draper, B. A., Brodley, C. E., & Utgoff, P. E."
4481,"B. A. Draper, Carla E. Brodley, and Paul E. Utgoff."
4483,"B. A. Draper, Carla E. Brodley, and Paul E. Utgoff."
4485,"B. A. Draper, Carla E. Brodley, and Paul E. Utgoff."
4487,"B. A. Draper, Carla E. Brodley, and Paul E. Utgoff."
4489,"B. A. Draper, Carla E. Brodley, and Paul E. Utgoff."
4491,"B. A. Draper, Carla E. Brodley, and Paul E. Utgoff."
4493,"B. A. Draper, Carla E. Brodley, and Paul E. Utgoff."
4495,"B. A. Draper, Carla E. Brodley, and Paul E. Utgoff."
4497,"B. A. Draper, Carla E. Brodley, and Paul E. Utgoff."
4499,"Bruce A. Draper, Carla E. Brodley, and Paul E. Utgoff."
4501,"B. Draper, C. E. Brodley, and P. Utgoff."
4503,"B. Draper, C. E. Brodley, and P. Utgoff."
4505,"Fawcett, T. E. and Utgoff, P. E."
4507,"Fawcett, T. E., & Utgoff, P. E."
4509,"Fawcett, T. E., & Utgoff, P. E."
4511,"Fawcett, T. E., & Utgoff, P. E."
4513,"Fawcett, T.E. and Utgoff, P.E.,"
4515,"Fawcett, T. and Utgoff, P."
4517,"Fawcett, T. and Utgoff, P."
4519,"Fawcett, T. E. & Utgoff, P. E."
4521,"Fawcett, T. and Utgoff, P."
4523,"Fawcett, T. and Utgoff, P."
4525,"Fawcett, T. and Utgoff, P."
4527,"Tom E. Fawcett, Paul E. Utgoff."
4529,"T. E. Fawcett and P. E. Utgoff,"
4531,"Tom Fawcett and Paul Utgoff,"
4533,"T.E. Fawcett and P.E. Utgoff,"
4535,Tom E. Fawcett and Paul E. Utgoff.
4537,"Usama M. Fayyad, Nicholas Weir, and D. Djorgovski. SKICAT:"
4539,"Usama M. Fayyad, Nicholas Weir, and D. Djorgovski. SKICAT:"
4541,"Usama M. Fayyad, Nicholas Weir, and D. Djorgovski. SKICAT:"
4543,"Usama M. Fayyad, Nicholas Weir, and D. Djorgovski. SKICAT:"
4545,"Usama M. Fayyad, Nicholas Weir, and D. Djorgovski. SKICAT:"
4547,"Usama M. Fayyad, Nicholas Weir, and D. Djorgovski. SKICAT:"
4549,"Usama M. Fayyad, Nicholas Weir, and D. Djorgovski. SKICAT:"
4551,"Usama M. Fayyad, Nicholas Weir, and D. Djorgovski. SKICAT:"
4553,"Usama M. Fayyad, Nicholas Weir, and D. Djorgovski. SKICAT:"
4555,"Huffman, S. B., & Laird, J. E."
4557,"Huffman, S. B., & Laird, J. E."
4559,"S. B. Huffman and J. E. Laird,"
4561,Scott B. Huffman and John E. Laird.
4563,Scott B. Huffman and John E. Laird.
4565,Scott B. Huffman and John E. Laird.
4567,Scott B. Huffman and John E. Laird.
4569,David S. Johnson.
4571,"Jordan, M. I. & Jacobs, R. A."
4573,M. Jordan and R. Jacobs.
4575,L. P. Kaelbling.
4577,L. P. Kaelbling.
4579,L. P. Kaelbling.
4581,L. P. Kaelbling.
4583,"McCallum, R. A."
4585,"McCallum, R. A."
4587,"McCallum, R. A."
4589,R. Andrew McCallum.
4591,R.A. McCallum.
4593,R.A. McCallum.
4595,"A. Mehra, Z. Wang, and K. Shin."
4597,"A. Mehra, Z. Wang, and K. Shin,"
4599,"A. Mehra, Z. Wang, and K. Shin,"
4601,"A. Mehra, Z. Wang, and K. Shin,"
4603,"Minton, S., Drummond, M., Bresina, J. L., & Phillips, A. B."
4605,"Minton, S., Drummond, M., Bresina, J. L., & Phillips, A. B."
4607,"T.M. Mitchell, P.E. Utgoff, B. Nudel, R.B."
4609,"Mitchell, T.M., P.E. Utgoff, and R. Banerji."
4611,"Mitchell, T. M., Utgoff, P. E. & Banerji, R. B."
4613,"Mitchell, T. M., Utgoff, P. E. & Banerji, R. B."
4615,"Mitchell, T. M., Utgoff, P., & Banerji, R."
4617,"Mitchell, T., Utgoff, P. & Banerji, R."
4619,"Mitchell, T., Utgoff, P. & Banerji, R."
4621,"Mitchell, T., Utgoff, P. & Banerji, R."
4623,"Mitchell, T., Utgoff, P. E., and Banerji, R."
4625,"Mitchell, T., Utgoff, P. E., and Banerji, R."
4627,"Mitchell, T., Utgoff, P., & Banerji, R."
4629,"Mitchell, T., Utgoff, P., & Banerji, R."
4631,"Mitchell, T., Utgoff, P., & Banerji, R."
4633,"Mitchell, T., Utgoff, P., & Banerji, R."
4635,"Mitchell, T., Utgoff, P., & Banerji, R."
4637,"Mitchell, T., Utgoff, P., & Banerji, R."
4639,"Mitchell, T., Utgoff, P., and Banerji, R."
4641,"Mitchell, T., Utgoff, T., & Banerji, R."
4643,"Mitchell, T., Utgoff, T., & Banerji, R."
4645,"Mitchell, T., Utgoff, T., & Banerji, R."
4647,"Mitchell, T., Utgoff, T., and Banerji, R."
4649,"Mitchell, T.M., Utgoff, P., and Banerji, R."
4651,"Mitchell, T.M., Utgoff, P.E., and Banerji, R."
4653,"Mitchell, T.M., Utgoff, P.E., and Banerji, R."
4655,"Mitchell, T.M., Utgoff, P.E., and Banerji, R."
4657,"Mitchell, T.M.; Utgoff, P.E.; and Banerji, R.B."
4659,"Mitchell, T.M.; Utgoff, P.E.; and Banerji, R.B."
4661,"Mitchell,T.M., Utgoff,P.E. & Banerji,R.,"
4663,"T. Mitchell, Utgoff, P. and Banerji, R.,"
4665,"T. Mitchell, Utgoff, P. and Banerji, R.,"
4667,"T. M. Mitchell, P. E. Utgoff, and R. B. Banerji."
4669,"Tom M. Mitchell, Paul E. Utgoff, and Ranan Banerji."
4671,"Tom M. Mitchell, Paul E. Utgoff, and Ranan Banerji."
4673,"Tom Mitchell, Paul Utgoff, and Ranan Banerji."
4675,"Mitchell, T.; Utgoff, P.; and Banerji, R."
4677,"Mitchell, T. M., Utgoff, P. E. and Banerji, R.,"
4679,"T.M. Mitchell, P.E. Utgoff, and R.B. Banerji."
4681,"T. Mitchell, T. Utgoff, and R. Banerji."
4683,"T. Mitchell, T. Utgoff, and R. Banerji."
4685,"T. M. Mitchell, P. E. Utgoff, and R. B. Banerji."
4687,"T. M. Mitchell, P. E. Utgoff, and R. B. Banerji."
4689,"T.M. Mitchell, P.E. Utgoff, and R. Banerji."
4691,"T. M. Mitchell, P. Utgoff, and R. Banerji."
4693,"Mitchell, T. M., Utgoff, P. E. & Banerji, R. B."
4695,"T. M. Mitchell, P. E. Utgoff, and R. B. Banerji."
4697,"Mitchell, T. M., Utgoff, P. E. and Banerji, R. B.,"
4699,"Tom M. Mitchell, Paul E. Utgoff, and Ranan Banerji."
4701,"T. M. Mitchell, P. E. Utgoff, and R. Banerji."
4703,"Mitchell, T. M."
4705,"Tom M. Mitchell, Paul E. Utgoff, and Ranan Banerji."
4707,Tom M. Mitchaell and Paul E. Utgoff.
4709,Tom M. Mitchaell and Paul E. Utgoff.
4711,"Mitchell, T. and Thrun, S.,"
4713,Tom M. Mitchell and Sebastian Thrun.
4715,Tom M. Mitchell and Sebastian Thrun.
4717,Tom M. Mitchell and Sebastian Thrun.
4719,Tom M. Mitchell and Sebastian Thrun.
4721,Tom M. Mitchell and Sebastian Thrun.
4723,Dunja Mladenic.
4725,Dunja Mladenic.
4727,Dunja Mladenic.
4729,Dunja Mladenic.
4731,Dunja Mladenic.
4733,Dunja Mladenic.
4735,Dunja Mladenic.
4737,Dunja Mladenic.
4739,Dunja Mladenic.
4741,"Mladenic, D."
4743,"Moss, E., Cavazos, J., Stefanovic, D., Utgoff, P., Precup, D., Scheeff, D., & Brodley, C."
4745,"Musick, R., Catlett, J., & Russell, S."
4747,"R. Musick, Jason Catlett, and S. Russell."
4749,"R. Musick, Jason Catlett, and S. Russell."
4751,"R. Musick, Jason Catlett, and S. Russell."
4753,"R. Musick, Jason Catlett, and S. Russell."
4755,"R. Musick, Jason Catlett, and S. Russell."
4757,"R. Musick, Jason Catlett, and S. Russell."
4759,"R. Musick, Jason Catlett, and S. Russell."
4761,"R. Musick, Jason Catlett, and S. Russell."
4763,"R. Musick, Jason Catlett, and S. Russell."
4765,J. R.
4767,"Quinlan, J. R."
4769,Quinlan J. R.
4771,John Ross Quinlan.
4773,John Ross Quinlan.
4775,John Ross Quinlan.
4777,John Ross Quinlan.
4779,John Ross Quinlan.
4781,John Ross Quinlan.
4783,John Ross Quinlan.
4785,John Ross Quinlan.
4787,John Ross Quinlan.
4789,"Quinlan, J. R."
4791,"Quinlan, J. R."
4793,"Ragavan, H., & Rendell, L."
4795,Harish Ragavan and Larry Rendell.
4797,Harish Ragavan and Larry Rendell.
4799,Harish Ragavan and Larry Rendell.
4801,Harish Ragavan and Larry Rendell.
4803,Harish Ragavan and Larry Rendell.
4805,Harish Ragavan and Larry Rendell.
4807,Harish Ragavan and Larry Rendell.
4809,Harish Ragavan and Larry Rendell.
4811,Harish Ragavan and Larry Rendell.
4813,Ron Rymon.
4815,Ron Rymon.
4817,Ron Rymon.
4819,Ron Rymon.
4821,Ron Rymon.
4823,Ron Rymon.
4825,Ron Rymon.
4827,Ron Rymon.
4829,Ron Rymon.
4831,"David R. Safford, Douglas L. Schales, and David K. Hess."
4833,"Schmill, M. D.; Rosenstein, M. T.; Cohen, P. R.; and Utgoff, P."
4835,"Schwartz, A."
4837,"Schwartz, A."
4839,"Stone, C.J."
4841,Torgo L.
4843,"Torgo, L."
4845,"Utgoff, P. E., & Mitchell, T. M."
4847,"Utgoff, P. E., & Mitchell, T. M."
4849,P. E. Utgoff and T. M. Mitchell.
4851,Paul Utgoff and Tom M. Mitchell.
4853,Utgoff P. E. Mitchell Tom M. and Banerji R. B.
4855,P.E. Utgoff.
4857,"Utgoff, P. E."
4859,Paul Utgoff.
4861,P. E. Utgoff.
4863,P. E. Utgoff.
4865,P. Utgoff.
4867,P. Utgoff.
4869,"Utgoff, P. E."
4871,"Utgoff, P. E."
4873,"Utgoff, P. E."
4875,P. Utgoff.
4877,P. Utgoff.
4879,Paul E. Utgoff.
4881,Paul E. Utgoff.
4883,"P. E. Utgoff,"
4885,"P. E. Utgoff,"
4887,P. E. Utgoff.
4889,P. E. Utgoff.
4891,P. E. Utgoff.
4893,"Utgoff, P."
4895,"Utgoff, P. E."
4897,"Utgoff, P. E."
4899,P. Utgoff.
4901,"Utgoff, P."
4903,"Utgoff, P. E."
4905,"Utgoff, P. E."
4907,"Utgoff, P. E."
4909,"Utgoff, P."
4911,P.E. Utgoff.
4913,"Paul E. Utgoff,"
4915,"Paul E. Utgoff,"
4917,"Utgoff, P. E.,"
4919,P.E. Utgoff.
4921,"Utgoff, P.,"
4923,"Utgoff, P.,"
4925,"Utgoff, P."
4927,"Utgoff, P."
4929,"Utgoff, P."
4931,"Utgoff, P."
4933,"P. Utgoff,"
4935,"P. Utgoff,"
4937,"Utgoff, P."
4939,"Utgoff, P."
4941,"Utgoff, P."
4943,"Utgoff, P."
4945,"Utgoff, P."
4947,"Utgoff, P."
4949,"Utgoff, P."
4951,"Utgoff, P."
4953,"Utgoff, P."
4955,"Utgoff, P."
4957,"Utgoff, P."
4959,"Utgoff, P."
4961,"Utgoff, P."
4963,"Utgoff, P. E."
4965,"Utgoff, P. E."
4967,"Utgoff, P. E."
4969,"Utgoff, P. E."
4971,"Utgoff, P. E."
4973,"Utgoff, P. E."
4975,"Utgoff, P. E."
4977,"Utgoff, P. E."
4979,"Utgoff, P. E."
4981,"Utgoff, P. E.,"
4983,"Utgoff, P. E.,"
4985,"Utgoff, P.,"
4987,"Utgoff, P.E."
4989,"Utgoff, P.E.,"
4991,"Utgoff, Paul E."
4993,P.E. Utgoff.
4995,P.E. Utgoff.
4997,P.E. Utgoff.
4999,"Utgoff, P. E."
5001,"Utgoff, P. E."
5003,"Utgoff, P. E."
5005,"Utgoff, P. E."
5007,"Utgoff, P. E."
5009,P. E. Utgoff.
5011,"P. Utgoff,"
5013,"P. Utgoff,"
5015,P. Utgoff.
5017,"Utgoff, P."
5019,P. E. Utgoff.
5021,P. Utgoff.
5023,P. Utgoff.
5025,P. Utgoff.
5027,P. Utgoff.
5029,P. Utgoff.
5031,"Utgoff, P."
5033,P E Utgoff.
5035,"Utgoff, Paul E."
5037,"Utgoff, Paul E."
5039,"Utgoff, Paul E."
5041,P. E.
5043,P. E.
5045,"Utgoff, P. E."
5047,P. Utgoff.
5049,P. Utgoff.
5051,P. Utgoff.
5053,"Utgoff, P. E., & Saxena, S."
5055,"Utgoff, P., and Saxena, S."
5057,"P. Utgoff and S. Saxena,"
5059,"Utgoff, P. and Saxena, S."
5061,"Utgoff, P.E., and P.S. Heitman."
5063,Utgoff P.E.
5065,Utgoff P.E.
5067,"Utgoff, P."
5069,"Utgoff, P."
5071,"Utgoff, P."
5073,"Utgoff, P."
5075,"Utgoff, P."
5077,"Utgoff, P."
5079,"Utgoff, P. E."
5081,"Utgoff, P. E."
5083,"Utgoff, P. E."
5085,P. Utgoff. ID5:
5087,P. Utgoff. ID5:
5089,P. Utgoff. ID5:
5091,P. Utgoff. ID5:
5093,"Utgoff, P. E."
5095,P. E. Utgoff. Id5:
5097,Paul E. Utgoff. ID5:
5099,P. E. Utgoff.
5101,"Utgoff, P.E.; ID5:"
5103,"P.E. Utgoff, ID5:"
5105,"Utgoff, P."
5107,"Utgoff, P."
5109,"Utgoff, P. E."
5111,"Utgoff, P. E."
5113,"Utgoff, P. E."
5115,"Utgoff, P. E."
5117,"Utgoff, P. E."
5119,"Utgoff, P. E."
5121,"Utgoff, P. E."
5123,Paul. E. Utgoff.
5125,"Utgoff, P. E."
5127,Paul E. Utgoff.
5129,Paul E. Utgoff.
5131,P.E. Utgoff.
5133,Paul E. Utgoff.
5135,P. Utgoff
5137,Utgoff P. E.
5139,"Utgoff, P."
5141,"Utgoff, P."
5143,"Utgoff, P."
5145,"Utgoff, P."
5147,"Utgoff, P."
5149,"Utgoff, P."
5151,"Utgoff, P. E."
5153,"Utgoff, P. E."
5155,"Utgoff, P. E."
5157,"Utgoff, P. E."
5159,"Utgoff, P. E."
5161,"Utgoff, P. E."
5163,"Utgoff, P. E."
5165,"Utgoff, P. E."
5167,"Utgoff, P. E."
5169,"Utgoff, P. E."
5171,"Utgoff, P. E."
5173,"Utgoff, P. E."
5175,"Utgoff, P. E."
5177,"Utgoff, P. E."
5179,"Utgoff, P. E."
5181,"Utgoff, P. E."
5183,"Utgoff, P. E."
5185,"Utgoff, P. E."
5187,"Utgoff, P. E."
5189,"Utgoff, P. E."
5191,"Utgoff, P.,"
5193,"Utgoff, P.E."
5195,"Utgoff, P.E."
5197,"Utgoff, P.E."
5199,"Utgoff, P.E."
5201,P. E. Utgoff.
5203,P. E. Utgoff.
5205,P. Utgoff.
5207,P. Utgoff.
5209,P.E. Utgoff.
5211,P.E. Utgoff.
5213,"Utgoff, P."
5215,"Utgoff, P."
5217,"Utgoff, P."
5219,P. E. Utgoff.
5221,P.E. Utgoff.
5223,Paul E. Utgoff.
5225,Paul E. Utgoff.
5227,Paul E. Utgoff.
5229,Paul E. Utgoff.
5231,Paul E. Utgoff.
5233,Paul E. Utgoff.
5235,Paul E. Utgoff.
5237,Paul E. Utgoff.
5239,Paul E. Utgoff.
5241,Paul E. Utgoff.
5243,P. E. Utgoff.
5245,P. E. Utgoff.
5247,P.E. Utgoff.
5249,Utgoff P.E.:
5251,"P.E. Utgoff,"
5253,P. E. Utgoff.
5255,P. E. Utgoff.
5257,"P. E. Utgoff,"
5259,"Utgoff, P. E."
5261,"Utgoff, P. E."
5263,"Utgoff, P. E."
5265,"Utgoff, P. E."
5267,"Utgoff, Paul E."
5269,"Utgoff, Paul E."
5271,Paul E. Utgoff.
5273,"Utgoff, P. E."
5275,"Utgoff, P. E."
5277,"Utgoff, P. E."
5279,"Utgoff, P. E."
5281,"Utgoff, P. E."
5283,"Utgoff, P. E."
5285,"Utgoff, P. E."
5287,"Utgoff, P. E."
5289,"Utgoff, P. E."
5291,"Utgoff, P. E."
5293,"Utgoff, P. E."
5295,"Utgoff, P. E."
5297,"Utgoff, P. E."
5299,"Utgoff, P.E."
5301,"Utgoff, P.E."
5303,"Utgoff, P., E.,"
5305,"Utgoff, P., E.,"
5307,Paul E. Utgoff.
5309,Paul E. Utgoff.
5311,Paul E. Utgoff.
5313,Paul E. Utgoff.
5315,Paul E. Utgoff.
5317,Paul E. Utgoff.
5319,Paul E. Utgoff.
5321,Paul E. Utgoff.
5323,Paul E. Utgoff.
5325,P. E. Utgoff.
5327,"Utgoff, P."
5329,"Utgoff, P."
5331,"Utgoff, P. E., Saxena, S., Callan, J. P., & Fawcett, T. E."
5333,"Utgoff, P. E. and Brodley, C. E."
5335,"Utgoff, P. E. and Brodley C. E."
5337,"Utgoff, P. E. and Brodley C. E."
5339,"Utgoff, P. E., & Brodley, C. E."
5341,"Utgoff, P. E., & Brodley, C. E."
5343,"Utgoff, P. E., & Brodley, C. E."
5345,"Utgoff, P. E., & Brodley, C. E."
5347,"Utgoff, P. E., & Brodley, C. E."
5349,"Utgoff, P. E., & Brodley, C. E."
5351,"Utgoff, P. E., & Brodley, C. E."
5353,"Utgoff, P. E., & Brodley, C. E."
5355,"Utgoff, P. E., & Brodley, C. E."
5357,"Utgoff, P. E., & Brodley, C. E."
5359,"Utgoff, P. E., & Brodley, C. E."
5361,"Utgoff, P. E., & Brodley, C. E."
5363,"Utgoff, P. E., & Brodley, C. E."
5365,"Utgoff, P. E., & Brodley, C. E."
5367,"Utgoff, P. E., & Brodley, C. E."
5369,"Utgoff, P. E., & Brodley, C. E."
5371,"Utgoff, P. E., and Brodley, C. E."
5373,P. Utgoff and C. Brodley.
5375,P. Utgoff and C. Brodley.
5377,P.E. Utgoff and C.E. Brodley.
5379,P. E. Utgoff and C. E. Brodley.
5381,P. E. Utgoff and C. E. Brodley.
5383,Paul E. Utgoff and Carla E. Brodley.
5385,Paul E. Utgoff and Carla E. Brodley.
5387,Paul E. Utgoff and Carla E. Brodley.
5389,Paul E. Utgoff and Carla E. Brodley.
5391,Paul E. Utgoff and Carla E. Brodley.
5393,Paul E. Utgoff and Carla E. Brodley.
5395,Paul E. Utgoff and Carla E. Brodley.
5397,Paul E. Utgoff and Carla E. Brodley.
5399,Paul E. Utgoff and Carla E. Brodley.
5401,"Utgoff, P. & Clouse, J."
5403,"Utgoff, P. & Clouse, J."
5405,"Utgoff, P. & Clouse, J."
5407,"Utgoff, P. & Clouse, J."
5409,"Utgoff, P. E. & Clouse, J. A."
5411,"Utgoff, P. E. & Clouse, J. A."
5413,"Utgoff, P. E., & Clouse, J. A."
5415,"Utgoff, P. E., & Clouse, J. A."
5417,"Utgoff, P. E., & Clouse, J. A."
5419,"Utgoff, P., & Clouse, J."
5421,"Utgoff, P., and Clouse."
5423,"Utgoff, P.E. and Brodley, C.E."
5425,"Utgoff, P.E. and Brodley, C.E."
5427,P. E. Utgoff and J. A. Clouse.
5429,P. Utgoff and J. Clouse.
5431,P. Utgoff and J. Clouse.
5433,P.E. Utgoff and J.A. Clouse.
5435,P.E. Utgoff and J.A. Clouse.
5437,P. Utgoff and J. Clouse.
5439,P. E. Utgoff and J. A. Clouse.
5441,P. E. Utgoff and J. A. Clouse.
5443,P. E. Utgoff and J. A. Clouse.
5445,P. E. Utgoff and J. A. Clouse.
5447,"Utgoff, P."
5449,"Utgoff, P. E. and Brodley C. E."
5451,"Utgoff, P. E. and Brodley C. E."
5453,"Utgoff, P. E., & Brodley, C. E."
5455,"Utgoff, P. E., & Brodley, C. E."
5457,"Utgoff, P. E., & Brodley, C. E."
5459,"Utgoff, P. E., & Brodley, C. E."
5461,"Utgoff, P. E., & Brodley, C. E."
5463,"Utgoff, P. E., & Brodley, C. E."
5465,"Utgoff, P. E., & Brodley, C. E."
5467,"Utgoff, P. E., & Brodley, C. E."
5469,"Utgoff, P. E., & Brodley, C. E."
5471,"Utgoff, P. E., & Brodley, C. E."
5473,"Utgoff, P. E., Brodley, C. E."
5475,Paul E. Utgoff and Carla E. Brodley.
5477,Paul E. Utgoff and Carla E. Brodley.
5479,Paul E. Utgoff and Carla E. Brodley.
5481,Paul E. Utgoff and Carla E. Brodley.
5483,Paul E. Utgoff and Carla E. Brodley.
5485,Paul E. Utgoff and Carla E. Brodley.
5487,Paul E. Utgoff and Carla E. Brodley.
5489,Paul E. Utgoff and Carla E. Brodley.
5491,Paul E. Utgoff and Carla E. Brodley.
5493,P. Utgoff.
5495,P. Utgoff.
5497,P. Utgoff.
5499,"Utgoff, P."
5501,"Utgoff, P. E."
5503,"Utgoff, P. E."
5505,"Utgoff, P. E."
5507,"Utgoff, P. E."
5509,"Utgoff, P. E."
5511,"Utgoff, P. E."
5513,"Utgoff, P. E."
5515,"Utgoff, P. E."
5517,"Utgoff, P. E."
5519,"Utgoff, P. E."
5521,"Utgoff, P. E."
5523,"Utgoff, P.E."
5525,"Utgoff, P."
5527,"Utgoff, P."
5529,"Utgoff, P."
5531,Paul E. Utgoff.
5533,Paul E. Utgoff.
5535,Paul E. Utgoff.
5537,Paul E. Utgoff.
5539,Paul E. Utgoff.
5541,Paul E. Utgoff.
5543,Paul E. Utgoff.
5545,Paul E. Utgoff.
5547,Paul E. Utgoff.
5549,"P.E. Utgoff,"
5551,"Utgoff, P."
5553,"Utgoff, P."
5555,"Utgoff, P. E."
5557,"Utgoff, P. E."
5559,"Utgoff, P. E."
5561,"Utgoff, P. E."
5563,"Utgoff, P. E."
5565,"Utgoff, P. E."
5567,Paul E. Utgoff.
5569,Paul E. Utgoff.
5571,"Utgoff, P.E."
5573,"Utgoff, P.E."
5575,"Utgoff, P. E., & Clouse, J. A."
5577,"Utgoff, P.E. and Clouse J.A."
5579,"Utgoff, P.E. and Clouse J.A."
5581,"P.E. Utgoff,"
5583,Paul E. Utgoff.
5585,"Utgoff, P. E., Berkman, N. C., & Clouse, J. A."
5587,"Utgoff, P. E.; Berkman, N. C.; and Clouse, J. A."
5589,"Paul E. Utgoff, Neil C. Berkman, and Jeffery A. Clouse."
5591,"Paul E. Utgoff, Neil C. Berkman, and Jeffery A. Clouse."
5593,"P. E. Utgoff, N. C. Berkman, and J. A. Clouse."
5595,"Utgoff, P. E., Berkman, N. C., & Clouse, J. A."
5597,"Utgoff, P. E., Berkman, N. C., & Clouse, J. A."
5599,"Utgoff, P. E., & Precup, D."
5601,"Utgoff, P. E., & Precup, D."
5603,"Utgoff, P. E., & Precup, D."
5605,"Utgoff, P. E., & Precup, D."
5607,P.E. Utgoff.
5609,"Utgoff, P. E. & Precup, D."
5611,"Utgoff, P. E. & Precup, D."
5613,"Yee, R. C., Saxena, S., Utgoff, P. E. and Barto, A. G."
5615,"Yee, R. C., Saxena, S., Utgoff, P. E., & Barto, A. G."
5617,"Yee, R. C., Saxena, S., Utgoff, P. E., & Barto, A. G."
5619,"R.C. Yee, S. Saxena, P.E. Utgoff, and A.G. Barto."
5621,"R.C. Yee, S. Saxena, P.E. Utgoff, and A.G. Barto."
5623,"Richard C. Yee, Sharad Saxena, Paul E. Utgoff, and Andrew C. Barto."
5625,"Richard C. Yee, Sharad Saxena, Paul E. Utgoff, and Andrew C. Barto."
5627,"Q. Zheng,"
5629,"Q. Zheng,"
5631,"Q. Zheng,"
5633,"Q. Zheng,"
